2018-05-02, h
2018-05-03, h
2018-05-05, h
2018-05-07, h
2018-05-08, h
2018-05-10, h
2018-05-12, h
2018-05-13, h
2018-05-14, h
2018-05-15, h
2018-05-16, h
2018-05-18, h
2018-05-18, h
2018-05-20, h
2018-05-22, h
2018-05-23, h
2018-05-24, h
2018-05-25, h
2018-05-25, h
2018-05-27, h
2018-05-28, h
2018-05-29, h
2018-05-30, h
2018-05-30, h
2018-06-01, h
2018-06-03, h
2018-06-03, h
2018-06-06, h
2018-06-07, h
2018-06-09, h
2018-06-10, h
2018-06-11, h
2018-06-11, h
2018-06-12, h
2018-06-13, h
2018-06-14, h
2018-06-16, h
2018-06-16, h
2018-06-17, h
2018-06-19, h
2018-06-20, h
2018-06-21, h
2018-06-22, h
2018-06-23, h
2018-06-28, h
