2017-12-14, h
2017-12-14, h
2017-12-16, h
2017-12-19, h
2017-12-21, h
2017-12-23, h
2017-12-24, h
2017-12-26, h
2017-12-28, h
2017-12-30, h
2017-12-31, h
2018-01-02, h
2018-01-12, h
2018-01-14, h
2018-01-20, h
2018-01-21, h
2018-01-24, h
2018-01-25, h
2018-01-29, h
2018-01-31, h
2018-02-11, h
2018-02-22, h
2018-02-25, h
2018-03-04, h
2018-03-11, h
2018-03-13, h
2018-03-15, h
2018-03-18, h
2018-03-23, h
2018-03-27, h
2018-03-30, h
2018-04-05, h
2018-04-07, h
2018-04-08, h
2018-04-12, h
2018-04-15, h
2018-04-23, h
2018-04-27, h
2018-04-28, h
2018-04-29, h
2018-04-30, h
2018-05-14, h
2018-05-16, h
