2018-05-19 03:00:00, 135.21, 135.66, 134.56, 134.78, 767.07732
2018-05-19 04:00:00, 134.78, 135.04, 132.64, 133.56, 2515.60096
2018-05-19 05:00:00, 133.5, 134.25, 132.6, 134.25, 1004.09228
2018-05-19 06:00:00, 133.96, 134.47, 133.5, 133.96, 929.42118
2018-05-19 07:00:00, 133.66, 135.09, 133.66, 134.0, 2411.94841
2018-05-19 08:00:00, 134.01, 137.0, 134.01, 136.73, 1384.95086
2018-05-19 09:00:00, 136.73, 137.5, 136.13, 136.83, 3977.59087
2018-05-19 10:00:00, 136.83, 137.77, 136.02, 136.41, 2570.50764
2018-05-19 11:00:00, 136.41, 136.64, 135.57, 135.58, 1335.46182
2018-05-19 12:00:00, 135.8, 136.5, 135.29, 136.48, 1416.58511
2018-05-19 13:00:00, 136.48, 136.87, 135.34, 135.9, 1108.25696
2018-05-19 14:00:00, 135.95, 136.14, 134.96, 135.54, 2089.5289
2018-05-19 15:00:00, 135.6, 135.94, 135.14, 135.18, 1306.05492
2018-05-19 16:00:00, 135.4, 135.55, 135.12, 135.52, 787.75405
2018-05-19 17:00:00, 135.41, 135.84, 134.59, 134.59, 1137.7259
2018-05-19 18:00:00, 134.55, 134.91, 133.2, 133.46, 1939.0943
2018-05-19 19:00:00, 133.46, 135.26, 133.01, 133.97, 2408.80701
2018-05-19 20:00:00, 133.98, 135.29, 133.31, 134.95, 1787.56911
2018-05-19 21:00:00, 134.89, 135.31, 133.33, 133.71, 1918.1486
2018-05-19 22:00:00, 133.71, 134.06, 132.5, 134.0, 2691.47807
2018-05-19 23:00:00, 134.06, 135.5, 133.74, 135.25, 1272.93722
2018-05-20 00:00:00, 135.3, 135.73, 134.09, 134.09, 1174.01128
2018-05-20 01:00:00, 134.11, 135.18, 133.94, 135.06, 648.18973
2018-05-20 02:00:00, 135.06, 135.47, 134.7, 135.2, 838.14994
2018-05-20 03:00:00, 135.38, 135.89, 135.03, 135.17, 496.18801
2018-05-20 04:00:00, 135.13, 135.77, 134.69, 135.14, 1348.06029
2018-05-20 05:00:00, 135.17, 136.12, 135.06, 135.65, 1783.23773
2018-05-20 06:00:00, 135.64, 138.14, 135.37, 137.86, 2227.71848
2018-05-20 07:00:00, 138.13, 138.59, 137.03, 137.74, 3220.6616
2018-05-20 08:00:00, 137.39, 137.72, 136.63, 137.02, 1328.37266
2018-05-20 09:00:00, 137.06, 137.33, 136.26, 136.41, 748.8261
2018-05-20 10:00:00, 136.54, 137.1, 136.11, 136.86, 563.13442
2018-05-20 11:00:00, 136.74, 137.39, 136.73, 137.21, 827.09058
2018-05-20 12:00:00, 137.21, 138.09, 136.96, 138.09, 1319.36918
2018-05-20 13:00:00, 137.82, 139.75, 137.82, 139.52, 4420.24104
2018-05-20 14:00:00, 139.52, 141.0, 139.31, 139.95, 6190.92167
2018-05-20 15:00:00, 139.94, 140.59, 139.55, 139.72, 3253.78914
2018-05-20 16:00:00, 139.72, 139.91, 138.61, 139.5, 1754.00621
2018-05-20 17:00:00, 139.68, 140.8, 139.5, 139.83, 2374.3602
2018-05-20 18:00:00, 139.82, 140.47, 139.55, 139.61, 2468.6343
2018-05-20 19:00:00, 139.82, 140.78, 138.4, 138.8, 2341.01929
2018-05-20 20:00:00, 138.8, 140.13, 138.6, 139.64, 1795.27693
2018-05-20 21:00:00, 139.63, 140.25, 138.35, 139.1, 1994.58162
2018-05-20 22:00:00, 139.1, 139.43, 137.2, 137.96, 1980.11707
2018-05-20 23:00:00, 137.96, 139.25, 137.63, 139.25, 1358.66211
2018-05-21 00:00:00, 139.25, 139.6, 138.29, 138.36, 1554.50831
2018-05-21 01:00:00, 138.37, 139.53, 138.35, 138.92, 1436.79902
2018-05-21 02:00:00, 138.93, 139.18, 138.5, 138.68, 898.77666
2018-05-21 03:00:00, 138.68, 139.46, 138.07, 138.66, 1137.78577
2018-05-21 04:00:00, 138.89, 139.43, 138.11, 138.5, 2030.76788
2018-05-21 05:00:00, 138.64, 138.75, 137.71, 138.23, 2456.86291
2018-05-21 06:00:00, 138.23, 138.44, 137.0, 137.26, 1143.70472
2018-05-21 07:00:00, 137.23, 137.25, 134.33, 135.7, 4433.4919
2018-05-21 08:00:00, 135.7, 136.08, 135.0, 135.76, 2010.00744
2018-05-21 09:00:00, 135.82, 136.64, 135.5, 136.28, 1605.63581
2018-05-21 10:00:00, 136.17, 136.44, 135.76, 136.2, 893.56153
2018-05-21 11:00:00, 136.21, 136.21, 134.0, 134.65, 4909.2976
2018-05-21 12:00:00, 134.65, 135.47, 134.32, 135.25, 1959.9494
2018-05-21 13:00:00, 135.24, 135.4, 134.43, 134.78, 2151.21874
2018-05-21 14:00:00, 134.83, 134.91, 134.19, 134.54, 1487.68742
2018-05-21 15:00:00, 134.5, 134.54, 133.43, 133.59, 2436.40009
2018-05-21 16:00:00, 133.62, 134.74, 133.59, 134.36, 756.87605
2018-05-21 17:00:00, 134.49, 135.43, 134.28, 135.4, 1964.07874
2018-05-21 18:00:00, 135.06, 135.33, 134.66, 135.0, 333.38313
2018-05-21 19:00:00, 135.01, 135.01, 134.12, 134.66, 1144.31743
2018-05-21 20:00:00, 134.66, 135.11, 134.0, 134.25, 1437.74755
2018-05-21 21:00:00, 134.25, 134.61, 133.2, 133.36, 850.12483
2018-05-21 22:00:00, 133.36, 133.61, 132.01, 132.92, 2944.58743
2018-05-21 23:00:00, 132.89, 133.53, 132.5, 133.19, 714.59415
2018-05-22 00:00:00, 133.19, 133.54, 132.9, 133.32, 1118.41218
2018-05-22 01:00:00, 133.4, 133.49, 132.8, 133.05, 1180.57552
2018-05-22 02:00:00, 133.04, 133.7, 132.59, 133.49, 851.18858
2018-05-22 03:00:00, 133.49, 136.25, 133.44, 135.32, 2491.89108
2018-05-22 04:00:00, 135.48, 135.59, 134.23, 134.66, 777.98049
2018-05-22 05:00:00, 134.66, 134.69, 132.95, 133.33, 1043.42522
2018-05-22 06:00:00, 133.33, 133.88, 132.34, 133.33, 1479.39365
2018-05-22 07:00:00, 133.35, 134.42, 133.13, 134.28, 1147.55746
2018-05-22 08:00:00, 134.3, 134.31, 132.0, 132.31, 1402.28265
2018-05-22 09:00:00, 132.31, 132.4, 131.13, 132.18, 2744.2863
2018-05-22 10:00:00, 131.93, 133.35, 131.91, 132.72, 1820.29181
2018-05-22 11:00:00, 132.76, 133.14, 132.39, 132.7, 698.73806
2018-05-22 12:00:00, 132.47, 133.2, 132.1, 132.39, 1102.44395
2018-05-22 13:00:00, 132.42, 133.43, 132.15, 132.29, 742.51362
2018-05-22 14:00:00, 132.18, 132.5, 131.76, 131.8, 1353.12834
2018-05-22 15:00:00, 131.93, 132.2, 131.52, 131.89, 1231.81083
2018-05-22 16:00:00, 131.8, 132.13, 130.66, 131.02, 1533.50231
2018-05-22 17:00:00, 131.03, 131.3, 129.36, 129.6, 1875.48147
2018-05-22 18:00:00, 129.6, 129.85, 128.55, 128.93, 3977.05317
2018-05-22 19:00:00, 128.68, 130.0, 127.31, 127.67, 3911.09545
2018-05-22 20:00:00, 127.92, 129.26, 127.62, 127.89, 4753.18052
2018-05-22 21:00:00, 127.9, 129.35, 127.77, 127.86, 4357.01129
2018-05-22 22:00:00, 127.99, 127.99, 125.61, 126.61, 5757.34815
2018-05-22 23:00:00, 126.46, 127.22, 125.83, 126.66, 2447.09891
2018-05-23 00:00:00, 126.66, 127.97, 126.38, 127.45, 1575.6834
2018-05-23 01:00:00, 127.45, 127.45, 125.96, 126.36, 3469.16543
2018-05-23 02:00:00, 126.59, 126.99, 126.01, 126.75, 942.82501
2018-05-23 03:00:00, 126.74, 127.58, 126.4, 127.58, 828.99119
2018-05-23 04:00:00, 127.24, 127.49, 124.41, 125.1, 4393.80835
2018-05-23 05:00:00, 125.1, 125.66, 124.0, 124.6, 2501.02457
2018-05-23 06:00:00, 124.56, 124.64, 122.84, 123.58, 4475.43838
2018-05-23 07:00:00, 123.61, 125.36, 123.53, 124.38, 1878.01115
2018-05-23 08:00:00, 124.21, 124.66, 123.05, 123.83, 1825.77008
2018-05-23 09:00:00, 123.97, 125.55, 123.6, 125.05, 2070.16087
2018-05-23 10:00:00, 125.05, 125.25, 124.35, 124.42, 4098.54729
2018-05-23 11:00:00, 124.46, 124.66, 123.83, 124.09, 1785.98062
2018-05-23 12:00:00, 124.06, 124.5, 119.91, 120.65, 10772.8226
2018-05-23 13:00:00, 120.62, 120.71, 117.03, 118.81, 11948.90013
2018-05-23 14:00:00, 118.79, 119.34, 115.83, 117.55, 8691.89873
2018-05-23 15:00:00, 117.55, 119.34, 116.53, 118.01, 6151.72341
2018-05-23 16:00:00, 118.01, 121.77, 118.01, 121.3, 3928.06738
2018-05-23 17:00:00, 121.3, 122.79, 119.6, 120.53, 7013.13672
2018-05-23 18:00:00, 120.52, 121.65, 119.89, 121.63, 2838.43686
2018-05-23 19:00:00, 121.62, 121.83, 119.13, 119.45, 5832.46284
2018-05-23 20:00:00, 119.39, 119.68, 117.28, 118.37, 7496.20147
2018-05-23 21:00:00, 118.29, 121.06, 118.07, 120.65, 3166.78487
2018-05-23 22:00:00, 120.7, 121.35, 119.57, 120.02, 4303.18106
2018-05-23 23:00:00, 120.01, 120.55, 119.31, 119.5, 1518.52669
2018-05-24 00:00:00, 119.5, 120.79, 119.34, 120.15, 1801.42769
2018-05-24 01:00:00, 120.0, 122.0, 119.9, 121.69, 5834.01025
2018-05-24 02:00:00, 121.9, 121.92, 120.1, 120.63, 1824.91622
2018-05-24 03:00:00, 120.7, 120.77, 119.2, 119.85, 1751.95701
2018-05-24 04:00:00, 120.14, 120.51, 116.99, 118.6, 3037.89179
2018-05-24 05:00:00, 118.57, 118.65, 115.0, 116.97, 7750.08492
2018-05-24 06:00:00, 117.25, 117.74, 114.7, 117.18, 5848.22926
2018-05-24 07:00:00, 117.25, 117.85, 116.3, 117.11, 2117.70226
2018-05-24 08:00:00, 116.72, 118.1, 116.72, 117.15, 1635.73514
2018-05-24 09:00:00, 117.1, 119.01, 116.0, 118.99, 4431.75458
2018-05-24 10:00:00, 118.99, 122.39, 118.51, 120.38, 5076.52034
2018-05-24 11:00:00, 120.41, 121.89, 119.63, 121.08, 2010.32094
2018-05-24 12:00:00, 121.07, 123.4, 120.52, 123.21, 3033.27498
2018-05-24 13:00:00, 123.24, 123.7, 121.11, 121.94, 4361.76402
2018-05-24 14:00:00, 121.94, 122.75, 121.0, 121.97, 3024.1264
2018-05-24 15:00:00, 121.8, 124.58, 121.59, 124.3, 3718.6692
2018-05-24 16:00:00, 124.3, 124.85, 123.28, 124.26, 2817.3858
2018-05-24 17:00:00, 124.26, 124.36, 121.93, 122.71, 3207.452
2018-05-24 18:00:00, 122.71, 123.12, 121.14, 121.7, 1004.66932
2018-05-24 19:00:00, 121.7, 123.98, 121.59, 123.16, 2031.85792
2018-05-24 20:00:00, 123.16, 123.82, 121.92, 122.58, 3912.2444
2018-05-24 21:00:00, 122.65, 122.98, 121.57, 122.18, 1345.96796
2018-05-24 22:00:00, 122.18, 122.51, 121.22, 122.21, 1007.4843
2018-05-24 23:00:00, 121.99, 123.57, 121.78, 123.02, 2623.78958
2018-05-25 00:00:00, 123.09, 123.11, 122.33, 122.77, 1263.89809
2018-05-25 01:00:00, 122.77, 123.11, 122.5, 123.0, 785.71186
2018-05-25 02:00:00, 123.0, 123.98, 122.83, 123.6, 601.42785
2018-05-25 03:00:00, 123.64, 124.58, 120.71, 121.46, 3419.55525
2018-05-25 04:00:00, 121.46, 121.91, 118.17, 119.43, 5858.86036
2018-05-25 05:00:00, 119.25, 120.04, 118.61, 120.04, 4918.00297
2018-05-25 06:00:00, 119.98, 120.84, 119.1, 119.6, 5442.36792
2018-05-25 07:00:00, 119.61, 120.4, 118.45, 119.19, 4362.10555
2018-05-25 08:00:00, 119.17, 121.24, 117.93, 120.5, 6578.34963
2018-05-25 09:00:00, 120.49, 121.5, 120.0, 120.41, 5393.76954
2018-05-25 10:00:00, 120.43, 120.65, 119.35, 119.88, 4206.17355
2018-05-25 11:00:00, 119.89, 120.23, 119.5, 119.72, 4238.95406
2018-05-25 12:00:00, 119.51, 120.75, 118.7, 120.75, 4993.05901
2018-05-25 13:00:00, 120.66, 120.75, 118.62, 118.9, 5737.44404
2018-05-25 14:00:00, 118.88, 118.91, 117.78, 118.32, 6054.03528
2018-05-25 15:00:00, 118.27, 118.49, 117.34, 118.14, 5524.54695
2018-05-25 16:00:00, 118.13, 118.25, 116.88, 117.99, 5605.17654
2018-05-25 17:00:00, 117.94, 118.5, 117.38, 118.14, 4148.27814
2018-05-25 18:00:00, 118.16, 118.36, 117.49, 118.11, 4225.1578
2018-05-25 19:00:00, 118.18, 118.47, 116.63, 117.39, 5689.88995
2018-05-25 20:00:00, 117.55, 119.13, 117.14, 118.87, 4218.39713
2018-05-25 21:00:00, 118.78, 118.9, 118.4, 118.59, 4000.38089
2018-05-25 22:00:00, 118.62, 119.45, 118.27, 118.91, 4201.11553
2018-05-25 23:00:00, 118.9, 118.97, 118.3, 118.59, 4741.18718
2018-05-26 00:00:00, 118.4, 118.91, 118.39, 118.64, 4611.20828
2018-05-26 01:00:00, 118.83, 118.83, 117.68, 117.85, 5614.26934
2018-05-26 02:00:00, 117.85, 118.98, 117.83, 118.97, 5790.22968
2018-05-26 03:00:00, 118.83, 120.06, 118.81, 119.47, 5668.87742
2018-05-26 04:00:00, 119.35, 122.46, 119.35, 121.46, 5199.42815
2018-05-26 05:00:00, 121.35, 122.12, 121.33, 121.75, 4696.23583
2018-05-26 06:00:00, 121.51, 122.0, 121.51, 121.64, 4066.61895
2018-05-26 07:00:00, 121.67, 122.01, 120.53, 120.7, 5419.65342
2018-05-26 08:00:00, 120.96, 121.0, 120.56, 120.72, 5362.90009
2018-05-26 09:00:00, 120.73, 121.19, 119.62, 120.05, 4935.88278
2018-05-26 10:00:00, 120.05, 121.32, 119.97, 120.96, 4270.87661
2018-05-26 11:00:00, 120.96, 121.32, 120.52, 120.61, 4827.74038
2018-05-26 12:00:00, 120.58, 120.95, 120.22, 120.54, 4196.98841
2018-05-26 13:00:00, 120.58, 121.3, 120.07, 121.22, 5513.01327
2018-05-26 14:00:00, 121.15, 121.77, 121.07, 121.45, 4646.25682
2018-05-26 15:00:00, 121.46, 121.82, 121.21, 121.4, 4129.26042
2018-05-26 16:00:00, 121.4, 121.64, 120.81, 121.33, 3919.1504
2018-05-26 17:00:00, 121.41, 121.49, 120.71, 120.73, 4083.59275
2018-05-26 18:00:00, 120.83, 122.17, 120.43, 120.61, 5729.42086
2018-05-26 19:00:00, 120.54, 120.69, 117.18, 118.01, 8953.59571
2018-05-26 20:00:00, 118.01, 118.53, 117.5, 118.45, 7016.38643
2018-05-26 21:00:00, 118.35, 118.35, 116.58, 117.1, 8796.56564
2018-05-26 22:00:00, 117.08, 117.49, 116.59, 117.34, 5688.56528
2018-05-26 23:00:00, 117.38, 118.65, 117.31, 117.63, 4583.43177
2018-05-27 00:00:00, 117.41, 117.53, 116.8, 117.28, 4427.10826
2018-05-27 01:00:00, 117.25, 117.77, 117.0, 117.34, 3938.42194
2018-05-27 02:00:00, 117.34, 117.58, 116.8, 117.01, 4198.52056
2018-05-27 03:00:00, 117.06, 117.37, 116.82, 117.12, 4943.22232
2018-05-27 04:00:00, 117.12, 118.41, 116.82, 117.8, 4525.98723
2018-05-27 05:00:00, 117.63, 118.29, 116.81, 117.05, 4238.52741
2018-05-27 06:00:00, 116.95, 117.83, 116.85, 117.79, 3672.87329
2018-05-27 07:00:00, 117.81, 118.6, 117.31, 117.64, 4878.06085
2018-05-27 08:00:00, 117.52, 118.06, 117.14, 117.73, 3524.28819
2018-05-27 09:00:00, 117.72, 117.99, 117.37, 117.49, 4325.73807
2018-05-27 10:00:00, 117.48, 117.67, 116.82, 117.39, 4343.51383
2018-05-27 11:00:00, 117.35, 118.45, 116.82, 118.4, 6278.69596
2018-05-27 12:00:00, 118.41, 118.5, 117.97, 118.18, 4924.19522
2018-05-27 13:00:00, 118.19, 118.73, 117.97, 118.65, 4504.9216
2018-05-27 14:00:00, 118.57, 118.74, 118.26, 118.34, 6378.87485
2018-05-27 15:00:00, 118.4, 119.0, 116.75, 116.75, 6254.15709
2018-05-27 16:00:00, 116.93, 117.53, 116.75, 117.29, 4322.85829
2018-05-27 17:00:00, 117.46, 117.9, 116.7, 116.8, 5667.29875
2018-05-27 18:00:00, 116.8, 117.25, 116.63, 117.02, 5350.04054
2018-05-27 19:00:00, 117.08, 117.5, 117.01, 117.49, 5386.11502
2018-05-27 20:00:00, 117.32, 117.92, 117.32, 117.71, 3920.17382
2018-05-27 21:00:00, 117.72, 118.48, 117.54, 118.0, 5276.52355
2018-05-27 22:00:00, 117.91, 118.81, 117.81, 118.29, 5473.80775
2018-05-27 23:00:00, 118.57, 118.71, 118.25, 118.57, 4881.36905
2018-05-28 00:00:00, 118.54, 118.97, 118.09, 118.18, 4229.21275
2018-05-28 01:00:00, 118.18, 118.55, 116.21, 116.84, 6062.85504
2018-05-28 02:00:00, 116.74, 117.21, 112.0, 112.22, 7173.98292
2018-05-28 03:00:00, 112.22, 114.09, 111.58, 113.49, 6470.24568
2018-05-28 04:00:00, 113.52, 114.09, 113.0, 113.36, 1980.33368
2018-05-28 05:00:00, 113.36, 113.41, 112.17, 112.72, 2696.44514
2018-05-28 06:00:00, 112.73, 113.0, 112.21, 112.68, 3336.09087
2018-05-28 07:00:00, 112.66, 113.03, 112.5, 112.53, 795.30477
2018-05-28 08:00:00, 112.53, 112.65, 111.96, 112.1, 959.35172
2018-05-28 09:00:00, 112.22, 115.19, 111.34, 114.73, 4389.48339
2018-05-28 10:00:00, 114.74, 115.04, 113.76, 114.51, 1744.66716
2018-05-28 11:00:00, 114.54, 114.7, 113.71, 114.23, 1494.56423
2018-05-28 12:00:00, 114.23, 114.75, 113.61, 114.14, 1235.01279
2018-05-28 13:00:00, 114.18, 114.33, 113.5, 113.78, 1056.60606
2018-05-28 14:00:00, 113.63, 113.74, 113.07, 113.73, 926.58913
2018-05-28 15:00:00, 113.73, 113.99, 113.14, 113.6, 1191.36619
2018-05-28 16:00:00, 113.76, 114.17, 113.39, 113.74, 2079.34397
2018-05-28 17:00:00, 113.96, 113.96, 112.97, 113.0, 616.1126
2018-05-28 18:00:00, 113.23, 113.3, 112.06, 112.33, 2052.20237
2018-05-28 19:00:00, 112.36, 112.47, 110.0, 111.49, 6868.64235
2018-05-28 20:00:00, 111.71, 111.77, 110.23, 110.82, 2151.95371
2018-05-28 21:00:00, 110.66, 111.92, 110.52, 111.68, 1299.61923
2018-05-28 22:00:00, 111.62, 111.76, 109.41, 111.14, 3301.78389
2018-05-28 23:00:00, 111.33, 111.5, 110.66, 111.3, 1613.65796
2018-05-29 00:00:00, 111.17, 112.75, 111.17, 112.06, 1549.18747
2018-05-29 01:00:00, 112.15, 112.39, 111.66, 112.38, 881.75408
2018-05-29 02:00:00, 112.38, 112.38, 110.05, 110.88, 2213.72215
2018-05-29 03:00:00, 110.88, 111.96, 110.88, 111.17, 874.13468
2018-05-29 04:00:00, 111.17, 113.4, 111.14, 112.87, 4843.98492
2018-05-29 05:00:00, 113.01, 113.16, 112.35, 112.79, 681.88312
2018-05-29 06:00:00, 112.8, 112.9, 112.37, 112.73, 503.65385
2018-05-29 07:00:00, 112.73, 117.12, 112.46, 117.0, 4862.24406
2018-05-29 08:00:00, 117.01, 121.31, 117.01, 120.0, 13602.64469
2018-05-29 09:00:00, 119.94, 121.93, 119.56, 120.8, 5786.54055
2018-05-29 10:00:00, 120.8, 122.71, 120.8, 121.45, 5559.18561
2018-05-29 11:00:00, 121.68, 121.92, 120.13, 120.36, 2679.55569
2018-05-29 12:00:00, 120.56, 120.56, 118.25, 120.1, 3627.45654
2018-05-29 13:00:00, 120.1, 120.74, 119.41, 120.4, 917.24156
2018-05-29 14:00:00, 120.37, 121.76, 119.78, 121.3, 1353.44393
2018-05-29 15:00:00, 121.59, 122.22, 120.37, 120.48, 5959.71307
2018-05-29 16:00:00, 120.48, 120.78, 119.74, 120.01, 1511.45454
2018-05-29 17:00:00, 120.01, 121.19, 119.82, 120.36, 2402.1269
2018-05-29 18:00:00, 120.38, 120.65, 120.23, 120.3, 1972.69137
2018-05-29 19:00:00, 120.38, 120.45, 118.58, 118.89, 1877.47539
2018-05-29 20:00:00, 118.8, 120.02, 118.53, 119.28, 960.7361
2018-05-29 21:00:00, 119.52, 120.65, 118.84, 120.3, 3486.82767
2018-05-29 22:00:00, 120.3, 122.73, 120.24, 121.45, 3506.5081
2018-05-29 23:00:00, 121.45, 121.71, 120.52, 120.61, 1498.80112
2018-05-30 00:00:00, 120.83, 120.91, 119.35, 119.78, 2156.78236
2018-05-30 01:00:00, 119.72, 120.68, 119.56, 120.55, 931.23138
2018-05-30 02:00:00, 120.55, 120.79, 119.75, 120.1, 678.67401
2018-05-30 03:00:00, 120.01, 121.41, 119.63, 119.89, 1862.21933
2018-05-30 04:00:00, 119.84, 121.02, 119.76, 120.52, 1087.21235
2018-05-30 05:00:00, 120.8, 120.81, 119.6, 120.04, 1178.622
2018-05-30 06:00:00, 120.0, 120.99, 119.71, 120.72, 667.21529
2018-05-30 07:00:00, 120.81, 122.0, 120.37, 121.63, 3780.81568
2018-05-30 08:00:00, 121.63, 122.35, 121.15, 121.5, 1945.89161
2018-05-30 09:00:00, 121.43, 122.01, 121.22, 121.73, 555.68199
2018-05-30 10:00:00, 121.53, 121.67, 120.18, 120.42, 1453.7248
2018-05-30 11:00:00, 120.32, 120.7, 115.89, 117.05, 7002.307
2018-05-30 12:00:00, 117.05, 117.38, 114.69, 116.35, 6050.66634
2018-05-30 13:00:00, 116.35, 117.16, 115.21, 115.83, 2613.48577
2018-05-30 14:00:00, 115.83, 116.8, 115.38, 116.62, 1546.10102
2018-05-30 15:00:00, 116.65, 116.82, 116.33, 116.82, 780.83327
2018-05-30 16:00:00, 116.79, 116.81, 116.22, 116.48, 502.80317
2018-05-30 17:00:00, 116.49, 117.57, 116.47, 117.22, 1140.96426
2018-05-30 18:00:00, 117.2, 117.26, 116.67, 116.71, 659.80889
2018-05-30 19:00:00, 116.79, 117.04, 116.3, 116.95, 973.71731
2018-05-30 20:00:00, 116.76, 117.93, 116.69, 117.18, 1480.1696
2018-05-30 21:00:00, 117.18, 117.26, 116.32, 117.15, 2267.04746
2018-05-30 22:00:00, 117.03, 117.38, 116.08, 116.19, 1515.76322
2018-05-30 23:00:00, 116.07, 116.8, 116.04, 116.42, 963.29962
2018-05-31 00:00:00, 116.45, 117.65, 116.42, 117.02, 1133.67908
2018-05-31 01:00:00, 117.02, 119.17, 117.0, 119.01, 2071.60088
2018-05-31 02:00:00, 119.03, 119.95, 118.82, 119.25, 2881.42024
2018-05-31 03:00:00, 119.35, 121.01, 119.13, 120.6, 4020.4628
2018-05-31 04:00:00, 120.6, 121.0, 120.02, 120.06, 3034.51334
2018-05-31 05:00:00, 120.22, 120.55, 118.37, 118.95, 4994.93187
2018-05-31 06:00:00, 118.95, 119.9, 118.57, 119.03, 1987.94687
2018-05-31 07:00:00, 119.03, 119.29, 118.52, 119.02, 2920.42201
2018-05-31 08:00:00, 119.02, 119.77, 119.02, 119.07, 1414.31253
2018-05-31 09:00:00, 119.15, 120.46, 119.15, 119.45, 1797.88089
2018-05-31 10:00:00, 119.45, 120.0, 118.53, 119.5, 1338.68652
2018-05-31 11:00:00, 119.5, 120.03, 119.12, 119.95, 2697.31909
2018-05-31 12:00:00, 119.95, 120.42, 118.88, 118.97, 2665.97184
2018-05-31 13:00:00, 118.88, 119.23, 118.46, 119.01, 1881.93621
2018-05-31 14:00:00, 119.11, 121.0, 118.82, 120.33, 3528.64684
2018-05-31 15:00:00, 120.33, 120.51, 119.44, 119.83, 1435.10045
2018-05-31 16:00:00, 119.69, 119.73, 119.01, 119.23, 1630.60355
2018-05-31 17:00:00, 119.18, 119.47, 118.8, 119.04, 857.47953
2018-05-31 18:00:00, 119.16, 119.93, 118.99, 119.59, 772.10854
2018-05-31 19:00:00, 119.59, 119.6, 117.0, 117.61, 7102.34211
2018-05-31 20:00:00, 117.6, 118.5, 117.32, 118.25, 917.81067
2018-05-31 21:00:00, 118.25, 118.98, 118.15, 118.3, 1327.87703
2018-05-31 22:00:00, 118.25, 118.43, 117.8, 117.85, 1297.67859
2018-05-31 23:00:00, 117.88, 119.0, 117.88, 118.8, 1031.73713
2018-06-01 00:00:00, 118.61, 118.8, 118.25, 118.32, 1596.66994
2018-06-01 01:00:00, 118.32, 118.52, 117.7, 118.0, 1741.50406
2018-06-01 02:00:00, 118.0, 118.0, 117.73, 117.9, 711.0079
2018-06-01 03:00:00, 117.8, 120.0, 117.77, 119.38, 3136.2473
2018-06-01 04:00:00, 119.25, 119.77, 118.91, 118.98, 4489.91914
2018-06-01 05:00:00, 118.98, 120.25, 118.65, 120.06, 3240.9315
2018-06-01 06:00:00, 120.08, 120.36, 119.24, 119.4, 996.31587
2018-06-01 07:00:00, 119.4, 120.0, 119.25, 119.55, 656.26142
2018-06-01 08:00:00, 119.73, 120.0, 117.11, 117.11, 5810.16202
2018-06-01 09:00:00, 117.11, 118.0, 116.62, 117.93, 4421.96968
2018-06-01 10:00:00, 117.93, 118.37, 117.48, 118.2, 1379.10924
2018-06-01 11:00:00, 118.2, 118.75, 118.15, 118.64, 1567.72774
2018-06-01 12:00:00, 118.64, 118.89, 117.9, 118.53, 1506.62913
2018-06-01 13:00:00, 118.75, 118.77, 117.92, 118.36, 2843.55304
2018-06-01 14:00:00, 118.59, 119.08, 118.22, 118.52, 2190.38131
2018-06-01 15:00:00, 118.52, 118.8, 118.05, 118.16, 1553.52773
2018-06-01 16:00:00, 118.16, 118.99, 118.08, 118.69, 1184.05605
2018-06-01 17:00:00, 118.68, 119.08, 118.25, 118.56, 1160.04985
2018-06-01 18:00:00, 118.56, 118.78, 118.39, 118.74, 977.62957
2018-06-01 19:00:00, 118.52, 120.2, 118.5, 120.08, 5346.35644
2018-06-01 20:00:00, 120.08, 120.4, 119.9, 120.19, 1438.11366
2018-06-01 21:00:00, 120.19, 120.43, 118.68, 119.11, 4683.00299
2018-06-01 22:00:00, 119.12, 120.04, 118.66, 119.62, 792.41744
2018-06-01 23:00:00, 119.67, 120.04, 119.51, 119.7, 605.4289
2018-06-02 00:00:00, 119.7, 119.91, 119.49, 119.76, 707.74445
2018-06-02 01:00:00, 119.75, 119.99, 119.33, 119.54, 775.81667
2018-06-02 02:00:00, 119.63, 120.43, 119.5, 120.29, 1112.72545
2018-06-02 03:00:00, 120.29, 121.82, 119.34, 121.58, 3203.10934
2018-06-02 04:00:00, 121.58, 123.52, 121.45, 122.96, 6439.93951
2018-06-02 05:00:00, 122.96, 124.01, 122.87, 123.69, 2220.14421
2018-06-02 06:00:00, 123.69, 123.98, 123.0, 123.26, 1476.81932
2018-06-02 07:00:00, 123.29, 124.22, 123.09, 123.41, 1421.70188
2018-06-02 08:00:00, 123.41, 123.65, 121.89, 122.9, 1985.69452
2018-06-02 09:00:00, 123.14, 123.18, 121.64, 122.36, 1853.31651
2018-06-02 10:00:00, 122.3, 122.72, 122.2, 122.55, 863.39104
2018-06-02 11:00:00, 122.25, 122.55, 122.0, 122.44, 978.30953
2018-06-02 12:00:00, 122.44, 123.78, 121.7, 122.63, 3671.24042
2018-06-02 13:00:00, 122.63, 122.97, 121.68, 122.33, 1827.46459
2018-06-02 14:00:00, 122.33, 123.18, 122.3, 122.54, 969.50242
2018-06-02 15:00:00, 122.5, 123.6, 122.33, 123.48, 1524.77026
2018-06-02 16:00:00, 123.36, 124.5, 123.23, 124.09, 2260.30552
2018-06-02 17:00:00, 124.26, 124.3, 122.91, 122.95, 2728.51121
2018-06-02 18:00:00, 123.15, 123.61, 122.91, 123.32, 896.69833
2018-06-02 19:00:00, 123.32, 123.62, 123.0, 123.22, 859.38243
2018-06-02 20:00:00, 123.22, 123.66, 122.91, 123.44, 1201.89604
2018-06-02 21:00:00, 123.44, 123.89, 123.37, 123.64, 796.90244
2018-06-02 22:00:00, 123.77, 123.92, 123.23, 123.56, 1359.61945
2018-06-02 23:00:00, 123.6, 123.6, 122.3, 122.72, 1343.47611
2018-06-03 00:00:00, 122.82, 123.01, 122.23, 122.57, 947.95373
2018-06-03 01:00:00, 122.57, 123.17, 122.44, 122.84, 1041.44742
2018-06-03 02:00:00, 122.84, 123.8, 122.79, 123.53, 1033.00022
2018-06-03 03:00:00, 123.53, 124.9, 123.0, 124.44, 2886.01748
2018-06-03 04:00:00, 124.21, 125.12, 124.21, 124.89, 2071.48209
2018-06-03 05:00:00, 124.89, 127.98, 124.68, 127.75, 5467.42988
2018-06-03 06:00:00, 127.85, 127.93, 126.34, 126.75, 2989.61254
2018-06-03 07:00:00, 126.75, 127.01, 125.79, 126.19, 2615.23385
2018-06-03 08:00:00, 126.33, 127.19, 126.21, 126.93, 1471.25664
2018-06-03 09:00:00, 126.93, 127.62, 126.67, 127.07, 2272.82963
2018-06-03 10:00:00, 127.01, 127.84, 126.82, 127.25, 1841.82403
2018-06-03 11:00:00, 127.25, 127.25, 125.82, 126.5, 2623.85346
2018-06-03 12:00:00, 126.5, 127.0, 126.08, 127.0, 2166.57723
2018-06-03 13:00:00, 127.02, 127.5, 126.09, 126.15, 2363.5468
2018-06-03 14:00:00, 126.1, 126.41, 124.68, 125.67, 4753.9484
2018-06-03 15:00:00, 125.69, 125.79, 124.0, 124.48, 2512.50726
2018-06-03 16:00:00, 124.42, 125.0, 123.53, 124.8, 3123.88057
2018-06-03 17:00:00, 124.81, 125.86, 124.7, 125.4, 1780.23389
2018-06-03 18:00:00, 125.47, 125.77, 124.76, 124.96, 1529.00741
2018-06-03 19:00:00, 124.96, 125.5, 124.76, 125.27, 1476.63369
2018-06-03 20:00:00, 125.29, 125.6, 124.53, 125.33, 2416.20976
2018-06-03 21:00:00, 125.07, 127.01, 124.9, 125.92, 3184.87794
2018-06-03 22:00:00, 125.92, 126.37, 125.18, 126.14, 2196.29049
2018-06-03 23:00:00, 126.27, 126.27, 124.63, 124.65, 1510.05886
2018-06-04 00:00:00, 124.9, 125.42, 124.65, 124.69, 961.53573
2018-06-04 01:00:00, 124.88, 125.25, 124.69, 124.8, 527.95645
2018-06-04 02:00:00, 124.84, 125.07, 122.53, 123.2, 2817.04213
2018-06-04 03:00:00, 123.22, 123.28, 121.55, 122.04, 3304.15951
2018-06-04 04:00:00, 122.12, 123.01, 121.77, 122.51, 1412.63588
2018-06-04 05:00:00, 122.51, 122.66, 121.5, 122.35, 2412.59484
2018-06-04 06:00:00, 122.2, 122.37, 121.43, 122.37, 2185.28346
2018-06-04 07:00:00, 122.42, 122.5, 121.71, 121.84, 1633.43027
2018-06-04 08:00:00, 121.85, 122.09, 119.34, 119.97, 4316.09709
2018-06-04 09:00:00, 119.97, 120.67, 119.68, 120.27, 1885.17371
2018-06-04 10:00:00, 120.26, 120.31, 119.35, 119.48, 6206.40586
2018-06-04 11:00:00, 119.48, 119.5, 118.0, 118.66, 9018.84029
2018-06-04 12:00:00, 118.87, 119.94, 118.67, 119.45, 4141.24704
2018-06-04 13:00:00, 119.45, 119.72, 118.9, 118.9, 1730.6974
2018-06-04 14:00:00, 118.95, 119.29, 118.32, 119.28, 687.51157
2018-06-04 15:00:00, 118.98, 119.21, 118.62, 119.2, 625.88696
2018-06-04 16:00:00, 119.19, 119.48, 118.77, 118.98, 901.66602
2018-06-04 17:00:00, 118.85, 119.97, 118.74, 119.71, 1474.39969
2018-06-04 18:00:00, 119.71, 120.51, 119.51, 120.47, 2763.42156
2018-06-04 19:00:00, 120.37, 120.44, 119.41, 119.68, 1484.92971
2018-06-04 20:00:00, 119.44, 120.0, 118.85, 119.77, 2304.10304
2018-06-04 21:00:00, 119.77, 120.2, 119.37, 119.59, 772.62081
2018-06-04 22:00:00, 119.69, 120.2, 119.59, 119.93, 1575.25709
2018-06-04 23:00:00, 119.93, 120.1, 116.74, 116.91, 3579.56971
2018-06-05 00:00:00, 116.91, 117.46, 116.38, 116.8, 2725.25862
2018-06-05 01:00:00, 116.8, 117.3, 116.03, 116.06, 1767.4311
2018-06-05 02:00:00, 116.06, 117.35, 115.77, 117.08, 3628.99516
2018-06-05 03:00:00, 117.05, 117.78, 116.76, 117.45, 785.42884
2018-06-05 04:00:00, 117.45, 117.65, 116.74, 117.2, 906.33499
2018-06-05 05:00:00, 116.98, 118.66, 116.98, 118.52, 1324.87318
2018-06-05 06:00:00, 118.46, 118.47, 117.3, 117.68, 748.36125
2018-06-05 07:00:00, 117.7, 118.0, 117.09, 117.84, 997.93409
2018-06-05 08:00:00, 117.63, 118.11, 116.8, 117.51, 2121.53961
2018-06-05 09:00:00, 117.54, 117.83, 117.01, 117.05, 454.59721
2018-06-05 10:00:00, 117.0, 117.74, 116.62, 116.85, 1268.27409
2018-06-05 11:00:00, 116.85, 117.7, 116.6, 117.42, 1749.00596
2018-06-05 12:00:00, 117.42, 120.31, 117.22, 120.31, 3888.21972
2018-06-05 13:00:00, 120.24, 121.54, 119.94, 120.48, 5573.81727
2018-06-05 14:00:00, 120.35, 122.5, 120.26, 121.44, 4036.94179
2018-06-05 15:00:00, 121.63, 122.4, 121.51, 121.81, 2964.98579
2018-06-05 16:00:00, 121.74, 121.99, 120.87, 121.18, 1526.71535
2018-06-05 17:00:00, 121.2, 121.73, 120.93, 121.19, 1312.6262
2018-06-05 18:00:00, 121.19, 121.51, 120.14, 120.4, 2180.12453
2018-06-05 19:00:00, 120.4, 122.6, 120.38, 122.58, 1702.27597
2018-06-05 20:00:00, 122.34, 122.59, 121.48, 122.18, 1288.43917
2018-06-05 21:00:00, 122.2, 122.6, 121.76, 121.78, 1068.42717
2018-06-05 22:00:00, 121.82, 122.13, 121.25, 121.84, 1422.41312
2018-06-05 23:00:00, 122.05, 122.09, 120.65, 121.17, 1142.00297
2018-06-06 00:00:00, 121.37, 121.51, 120.9, 121.02, 763.77027
2018-06-06 01:00:00, 121.1, 121.5, 120.6, 120.67, 801.24101
2018-06-06 02:00:00, 120.67, 120.69, 119.99, 120.5, 1686.32174
2018-06-06 03:00:00, 120.61, 121.86, 120.45, 121.19, 1190.27946
2018-06-06 04:00:00, 121.04, 122.6, 120.84, 121.84, 2498.79046
2018-06-06 05:00:00, 121.84, 122.07, 120.8, 121.2, 1042.0161
2018-06-06 06:00:00, 121.19, 121.19, 120.51, 120.91, 436.3439
2018-06-06 07:00:00, 120.72, 121.51, 120.55, 121.25, 517.69308
2018-06-06 08:00:00, 121.29, 122.45, 121.29, 121.52, 973.29929
2018-06-06 09:00:00, 121.52, 122.94, 120.91, 122.57, 2271.84805
2018-06-06 10:00:00, 122.57, 122.84, 121.4, 121.68, 1228.55369
2018-06-06 11:00:00, 121.41, 121.8, 121.01, 121.3, 1718.70269
2018-06-06 12:00:00, 121.3, 122.63, 120.99, 121.92, 2120.49438
2018-06-06 13:00:00, 121.95, 122.18, 118.0, 118.95, 5171.98021
2018-06-06 14:00:00, 118.71, 119.52, 118.66, 119.26, 1593.61494
2018-06-06 15:00:00, 119.12, 119.21, 118.22, 118.6, 1253.3274
2018-06-06 16:00:00, 118.6, 119.45, 118.54, 119.27, 1010.72964
2018-06-06 17:00:00, 119.27, 121.0, 118.57, 120.52, 2313.12861
2018-06-06 18:00:00, 120.39, 122.54, 120.1, 121.34, 2645.67498
2018-06-06 19:00:00, 121.34, 121.87, 120.58, 121.12, 1570.83521
2018-06-06 20:00:00, 121.12, 121.7, 120.72, 121.61, 376.17254
2018-06-06 21:00:00, 121.63, 123.45, 121.4, 123.0, 2562.97608
2018-06-06 22:00:00, 123.0, 123.69, 122.63, 122.75, 1807.04809
2018-06-06 23:00:00, 122.75, 123.84, 122.2, 122.33, 2571.35898
2018-06-07 00:00:00, 122.22, 123.12, 121.7, 122.23, 1788.41891
2018-06-07 01:00:00, 122.23, 122.76, 121.75, 122.13, 726.88649
2018-06-07 02:00:00, 122.15, 122.39, 121.7, 122.15, 840.92034
2018-06-07 03:00:00, 122.08, 122.42, 121.6, 122.03, 1245.25801
2018-06-07 04:00:00, 122.17, 122.27, 121.85, 122.16, 800.71104
2018-06-07 05:00:00, 121.96, 122.63, 121.3, 121.58, 2141.02264
2018-06-07 06:00:00, 121.44, 122.2, 121.02, 122.1, 762.0859
2018-06-07 07:00:00, 121.87, 122.07, 121.32, 121.83, 1021.64536
2018-06-07 08:00:00, 121.81, 121.99, 121.09, 121.4, 948.98805
2018-06-07 09:00:00, 121.4, 121.98, 121.25, 121.94, 837.46659
2018-06-07 10:00:00, 121.79, 122.19, 121.51, 121.63, 756.74342
2018-06-07 11:00:00, 121.65, 121.89, 120.71, 121.17, 2117.39455
2018-06-07 12:00:00, 121.4, 121.8, 120.81, 121.33, 927.70674
2018-06-07 13:00:00, 121.33, 121.99, 121.09, 121.76, 1322.84638
2018-06-07 14:00:00, 121.95, 122.22, 120.83, 121.25, 1626.51212
2018-06-07 15:00:00, 121.25, 122.53, 121.02, 121.68, 1454.28788
2018-06-07 16:00:00, 121.68, 122.01, 121.53, 121.58, 1202.57544
2018-06-07 17:00:00, 121.74, 121.74, 119.66, 120.56, 2501.42661
2018-06-07 18:00:00, 120.56, 120.66, 119.87, 120.41, 499.53402
2018-06-07 19:00:00, 120.42, 120.99, 119.4, 120.67, 1864.51848
2018-06-07 20:00:00, 120.67, 122.0, 120.5, 121.54, 7244.96396
2018-06-07 21:00:00, 121.56, 122.18, 121.52, 121.7, 2103.65306
2018-06-07 22:00:00, 121.92, 122.01, 121.15, 121.35, 758.30915
2018-06-07 23:00:00, 121.35, 121.5, 120.08, 120.17, 2271.48969
2018-06-08 00:00:00, 120.31, 120.45, 119.81, 119.95, 1796.79972
2018-06-08 01:00:00, 119.95, 120.25, 119.37, 119.69, 2682.875
2018-06-08 02:00:00, 119.9, 120.12, 119.39, 119.82, 611.95793
2018-06-08 03:00:00, 119.82, 120.16, 119.65, 120.11, 457.43239
2018-06-08 04:00:00, 119.87, 120.15, 118.77, 119.31, 1914.31513
2018-06-08 05:00:00, 119.31, 119.49, 119.06, 119.3, 669.95106
2018-06-08 06:00:00, 119.18, 119.61, 119.0, 119.22, 2004.80488
2018-06-08 07:00:00, 119.42, 119.5, 118.4, 118.63, 2323.5353
2018-06-08 08:00:00, 118.71, 118.83, 118.3, 118.7, 1473.67908
2018-06-08 09:00:00, 118.69, 118.75, 118.35, 118.64, 1183.90348
2018-06-08 10:00:00, 118.64, 119.15, 118.46, 118.77, 1306.7262
2018-06-08 11:00:00, 118.78, 119.6, 118.69, 119.59, 673.57861
2018-06-08 12:00:00, 119.5, 119.67, 118.04, 119.28, 1873.96077
2018-06-08 13:00:00, 119.28, 120.12, 119.19, 119.87, 1384.72458
2018-06-08 14:00:00, 119.87, 120.05, 119.6, 119.7, 472.07509
2018-06-08 15:00:00, 119.7, 120.05, 119.6, 119.79, 822.36459
2018-06-08 16:00:00, 119.79, 119.89, 119.5, 119.89, 287.66737
2018-06-08 17:00:00, 119.79, 120.03, 119.55, 119.76, 550.79536
2018-06-08 18:00:00, 119.76, 120.03, 119.55, 120.03, 444.2919
2018-06-08 19:00:00, 119.85, 120.45, 119.68, 120.02, 503.15432
2018-06-08 20:00:00, 120.26, 120.29, 119.65, 119.68, 410.15288
2018-06-08 21:00:00, 119.9, 120.38, 119.71, 120.03, 495.21715
2018-06-08 22:00:00, 120.08, 120.37, 119.64, 120.28, 604.04175
2018-06-08 23:00:00, 120.29, 120.93, 120.1, 120.67, 822.48143
2018-06-09 00:00:00, 120.53, 120.73, 120.24, 120.6, 363.0606
2018-06-09 01:00:00, 120.6, 120.77, 120.5, 120.72, 251.59432
2018-06-09 02:00:00, 120.72, 120.72, 120.22, 120.49, 304.15616
2018-06-09 03:00:00, 120.49, 120.75, 120.23, 120.69, 356.21872
2018-06-09 04:00:00, 120.68, 120.7, 120.1, 120.25, 479.88543
2018-06-09 05:00:00, 120.21, 120.42, 119.7, 119.78, 1280.33103
2018-06-09 06:00:00, 119.7, 119.96, 119.49, 119.85, 586.61141
2018-06-09 07:00:00, 119.86, 120.33, 119.85, 120.15, 516.52201
2018-06-09 08:00:00, 120.15, 120.18, 119.87, 119.89, 830.52552
2018-06-09 09:00:00, 119.89, 120.05, 119.09, 119.46, 1017.07468
2018-06-09 10:00:00, 119.46, 119.52, 118.66, 119.12, 1173.64117
2018-06-09 11:00:00, 118.92, 119.34, 118.87, 118.97, 562.70919
2018-06-09 12:00:00, 119.16, 119.76, 118.97, 119.53, 1025.51219
2018-06-09 13:00:00, 119.3, 119.48, 118.51, 118.75, 556.04517
2018-06-09 14:00:00, 118.75, 119.1, 118.36, 119.07, 1192.11211
2018-06-09 15:00:00, 118.87, 118.96, 118.56, 118.91, 366.82021
2018-06-09 16:00:00, 118.95, 119.07, 118.76, 118.88, 463.43652
2018-06-09 17:00:00, 118.83, 119.17, 118.83, 119.17, 363.24033
2018-06-09 18:00:00, 119.0, 119.01, 118.6, 118.62, 414.49448
2018-06-09 19:00:00, 118.62, 118.74, 118.01, 118.43, 1016.65415
2018-06-09 20:00:00, 118.43, 118.74, 116.7, 117.4, 2018.27763
2018-06-09 21:00:00, 117.25, 117.47, 112.57, 113.31, 6516.00552
2018-06-09 22:00:00, 113.21, 114.97, 113.07, 114.4, 3650.67234
2018-06-09 23:00:00, 114.38, 114.6, 113.2, 113.96, 2780.09584
2018-06-10 00:00:00, 113.89, 114.35, 113.0, 113.42, 3857.89094
2018-06-10 01:00:00, 113.42, 114.66, 113.23, 113.89, 1856.36674
2018-06-10 02:00:00, 114.0, 114.28, 113.68, 114.25, 1536.58638
2018-06-10 03:00:00, 114.25, 114.54, 113.85, 114.23, 720.56918
2018-06-10 04:00:00, 114.2, 114.27, 111.5, 111.86, 3902.10036
2018-06-10 05:00:00, 111.86, 112.82, 111.82, 112.48, 1329.37751
2018-06-10 06:00:00, 112.45, 112.99, 112.2, 112.45, 841.12224
2018-06-10 07:00:00, 112.67, 112.8, 111.76, 112.65, 1759.54167
2018-06-10 08:00:00, 112.8, 113.1, 112.51, 113.1, 795.40642
2018-06-10 09:00:00, 113.04, 113.33, 112.39, 112.56, 1291.99932
2018-06-10 10:00:00, 112.66, 114.4, 111.61, 113.96, 3547.18819
2018-06-10 11:00:00, 113.9, 113.93, 112.73, 112.89, 768.81802
2018-06-10 12:00:00, 112.89, 113.5, 112.74, 113.05, 996.86105
2018-06-10 13:00:00, 113.21, 113.28, 112.26, 112.43, 2186.8049
2018-06-10 14:00:00, 112.37, 112.47, 104.15, 105.74, 14645.49168
2018-06-10 15:00:00, 105.87, 107.49, 103.87, 105.22, 11256.69888
2018-06-10 16:00:00, 105.43, 107.0, 104.21, 106.93, 5366.72044
2018-06-10 17:00:00, 106.93, 107.2, 104.55, 104.89, 5962.85018
2018-06-10 18:00:00, 104.89, 105.76, 103.27, 104.18, 4361.60811
2018-06-10 19:00:00, 104.12, 104.31, 102.75, 103.0, 4837.09395
2018-06-10 20:00:00, 102.99, 106.73, 102.81, 106.48, 3915.32366
2018-06-10 21:00:00, 106.5, 106.6, 104.24, 104.58, 3436.38301
2018-06-10 22:00:00, 104.44, 105.36, 103.71, 105.33, 2287.86979
2018-06-10 23:00:00, 105.33, 108.42, 105.17, 107.34, 4420.45421
2018-06-11 00:00:00, 107.36, 108.26, 106.85, 107.74, 1888.48594
2018-06-11 01:00:00, 107.76, 108.39, 107.18, 108.15, 1748.89636
2018-06-11 02:00:00, 108.19, 108.4, 106.21, 106.53, 1288.07314
2018-06-11 03:00:00, 106.54, 106.97, 105.33, 106.84, 2736.16458
2018-06-11 04:00:00, 106.49, 106.86, 104.01, 104.24, 2322.67808
2018-06-11 05:00:00, 104.24, 108.0, 104.0, 106.93, 2563.7891
2018-06-11 06:00:00, 106.93, 107.2, 106.44, 106.45, 1058.40252
2018-06-11 07:00:00, 106.59, 106.67, 105.56, 106.62, 1351.35988
2018-06-11 08:00:00, 106.62, 107.29, 106.06, 106.95, 1275.72814
2018-06-11 09:00:00, 107.0, 107.14, 105.98, 106.92, 1736.60414
2018-06-11 10:00:00, 106.65, 106.84, 105.78, 105.89, 1521.34046
2018-06-11 11:00:00, 105.98, 106.17, 103.53, 104.26, 4845.77016
2018-06-11 12:00:00, 104.26, 104.67, 102.7, 103.73, 3181.68865
2018-06-11 13:00:00, 103.62, 105.87, 103.53, 105.18, 3506.06446
2018-06-11 14:00:00, 105.1, 106.05, 104.57, 105.32, 2382.39971
2018-06-11 15:00:00, 105.35, 106.5, 104.3, 105.95, 2779.99931
2018-06-11 16:00:00, 105.89, 106.5, 105.37, 105.62, 1399.0883
2018-06-11 17:00:00, 105.43, 105.58, 103.76, 104.89, 2819.55842
2018-06-11 18:00:00, 104.75, 105.45, 104.35, 104.79, 1633.20173
2018-06-11 19:00:00, 104.76, 106.0, 104.52, 105.91, 2355.95215
2018-06-11 20:00:00, 105.96, 107.46, 105.64, 107.2, 2296.27511
2018-06-11 21:00:00, 107.2, 107.34, 105.27, 105.78, 5678.00837
2018-06-11 22:00:00, 105.92, 107.3, 105.78, 107.21, 1482.69002
2018-06-11 23:00:00, 107.3, 107.86, 106.37, 106.56, 1852.80031
2018-06-12 00:00:00, 106.65, 106.85, 104.55, 105.0, 3409.72791
2018-06-12 01:00:00, 105.02, 107.69, 105.02, 106.35, 2598.39553
2018-06-12 02:00:00, 106.46, 107.0, 106.38, 106.83, 940.38211
2018-06-12 03:00:00, 106.83, 107.22, 106.62, 106.81, 1665.01435
2018-06-12 04:00:00, 106.73, 107.41, 106.04, 106.8, 1685.03621
2018-06-12 05:00:00, 106.9, 107.8, 106.35, 107.42, 1402.95593
2018-06-12 06:00:00, 107.3, 107.52, 107.02, 107.08, 722.82175
2018-06-12 07:00:00, 107.11, 107.33, 106.2, 106.36, 1295.15166
2018-06-12 08:00:00, 106.32, 106.71, 105.7, 106.64, 1800.93918
2018-06-12 09:00:00, 106.64, 106.64, 103.9, 104.25, 2467.55114
2018-06-12 10:00:00, 104.18, 104.97, 103.9, 104.74, 2805.33905
2018-06-12 11:00:00, 104.55, 105.99, 104.4, 105.35, 1365.37636
2018-06-12 12:00:00, 105.35, 105.41, 104.8, 105.15, 913.72363
2018-06-12 13:00:00, 105.0, 105.17, 103.37, 104.07, 1748.04133
2018-06-12 14:00:00, 104.1, 105.56, 104.01, 104.49, 2307.07431
2018-06-12 15:00:00, 104.52, 104.53, 101.5, 102.34, 4938.90598
2018-06-12 16:00:00, 102.45, 102.45, 94.05, 99.56, 14191.42489
2018-06-12 17:00:00, 99.51, 100.84, 98.13, 98.88, 5908.59096
2018-06-12 18:00:00, 98.88, 99.55, 97.72, 99.31, 3548.22009
2018-06-12 19:00:00, 99.34, 100.0, 98.76, 99.41, 4346.26151
2018-06-12 20:00:00, 99.2, 99.99, 97.51, 99.68, 4370.16629
2018-06-12 21:00:00, 99.68, 100.16, 98.94, 99.04, 2144.59513
2018-06-12 22:00:00, 99.01, 99.65, 98.8, 99.65, 1279.68108
2018-06-12 23:00:00, 99.65, 100.0, 99.39, 99.91, 3708.94518
2018-06-13 00:00:00, 99.82, 99.92, 98.93, 99.13, 5400.39745
2018-06-13 01:00:00, 99.13, 99.92, 98.28, 99.92, 7033.16005
2018-06-13 02:00:00, 99.86, 100.45, 98.69, 99.19, 5585.77781
2018-06-13 03:00:00, 99.16, 99.5, 99.01, 99.35, 3722.06072
2018-06-13 04:00:00, 99.35, 99.87, 98.66, 99.03, 3963.97533
2018-06-13 05:00:00, 98.82, 99.25, 96.0, 97.77, 7212.31368
2018-06-13 06:00:00, 97.5, 97.87, 93.0, 93.63, 11595.64136
2018-06-13 07:00:00, 93.61, 95.45, 93.5, 93.63, 6623.66657
2018-06-13 08:00:00, 93.63, 95.37, 93.26, 95.05, 7490.60548
2018-06-13 09:00:00, 95.14, 95.85, 94.05, 95.47, 5973.98277
2018-06-13 10:00:00, 95.37, 96.29, 94.29, 94.6, 7374.98906
2018-06-13 11:00:00, 94.62, 94.78, 92.08, 92.37, 8983.07813
2018-06-13 12:00:00, 92.32, 93.62, 91.1, 91.55, 9855.32631
2018-06-13 13:00:00, 91.54, 93.0, 86.71, 91.23, 19421.5812
2018-06-13 14:00:00, 91.24, 94.1, 90.38, 94.02, 9190.52989
2018-06-13 15:00:00, 94.02, 95.24, 92.75, 93.39, 7912.59601
2018-06-13 16:00:00, 93.39, 93.69, 91.16, 91.84, 6568.72033
2018-06-13 17:00:00, 91.81, 92.54, 90.75, 91.95, 8490.61923
2018-06-13 18:00:00, 92.16, 92.17, 91.4, 91.85, 5086.66418
2018-06-13 19:00:00, 91.87, 94.0, 91.86, 93.69, 6357.7096
2018-06-13 20:00:00, 93.69, 93.99, 92.8, 93.37, 7171.44038
2018-06-13 21:00:00, 93.4, 93.97, 91.65, 92.44, 7653.51088
2018-06-13 22:00:00, 92.75, 94.03, 92.49, 93.08, 7409.27048
2018-06-13 23:00:00, 93.14, 97.18, 93.03, 95.89, 11980.12842
2018-06-14 00:00:00, 95.79, 96.81, 95.47, 96.49, 6875.03988
2018-06-14 01:00:00, 96.64, 96.89, 95.63, 95.72, 6369.89093
2018-06-14 02:00:00, 95.7, 96.13, 94.84, 95.83, 5751.96585
2018-06-14 03:00:00, 95.88, 96.44, 95.6, 96.07, 5224.85095
2018-06-14 04:00:00, 96.07, 96.18, 95.43, 96.0, 4459.08852
2018-06-14 05:00:00, 95.98, 97.62, 95.9, 96.46, 7818.39015
2018-06-14 06:00:00, 96.33, 96.65, 96.28, 96.62, 5600.77181
2018-06-14 07:00:00, 96.56, 96.9, 95.91, 96.65, 6293.50743
2018-06-14 08:00:00, 96.52, 98.0, 96.43, 97.69, 6646.59205
2018-06-14 09:00:00, 97.62, 97.97, 96.34, 96.92, 6728.56155
2018-06-14 10:00:00, 96.87, 97.0, 93.8, 94.03, 9731.23737
2018-06-14 11:00:00, 94.06, 95.74, 94.06, 95.14, 6455.4763
2018-06-14 12:00:00, 95.28, 95.47, 93.53, 94.36, 6255.7894
2018-06-14 13:00:00, 94.48, 99.44, 94.31, 97.7, 7882.7967
2018-06-14 14:00:00, 97.7, 101.52, 97.1, 100.39, 14301.58163
2018-06-14 15:00:00, 100.39, 102.7, 100.18, 101.66, 10333.18399
2018-06-14 16:00:00, 101.47, 102.0, 100.12, 100.67, 5632.31787
2018-06-14 17:00:00, 100.67, 102.87, 100.26, 101.85, 6858.04664
2018-06-14 18:00:00, 101.85, 102.03, 100.94, 101.29, 6135.03778
2018-06-14 19:00:00, 101.21, 101.48, 99.83, 100.38, 7127.40258
2018-06-14 20:00:00, 100.37, 101.01, 99.21, 100.88, 8365.4189
2018-06-14 21:00:00, 100.89, 100.98, 99.16, 99.5, 7395.6528
2018-06-14 22:00:00, 99.43, 99.62, 98.53, 99.06, 5717.83289
2018-06-14 23:00:00, 99.21, 99.52, 98.51, 99.27, 4849.05135
2018-06-15 00:00:00, 99.27, 100.22, 99.16, 99.46, 5751.03247
2018-06-15 01:00:00, 99.46, 99.56, 97.51, 98.34, 10509.89721
2018-06-15 02:00:00, 98.34, 99.47, 97.92, 98.99, 4839.56348
2018-06-15 03:00:00, 98.99, 99.97, 98.61, 99.23, 4678.52592
2018-06-15 04:00:00, 99.23, 99.3, 96.9, 97.08, 12104.98662
2018-06-15 05:00:00, 97.03, 97.98, 96.82, 97.76, 5903.76097
2018-06-15 06:00:00, 97.72, 97.89, 96.85, 97.75, 5735.58911
2018-06-15 07:00:00, 97.75, 97.93, 97.24, 97.76, 6041.19992
2018-06-15 08:00:00, 97.73, 99.9, 96.68, 97.74, 8591.99908
2018-06-15 09:00:00, 97.96, 97.96, 96.27, 96.59, 5395.53411
2018-06-15 10:00:00, 96.59, 97.3, 96.23, 96.95, 5725.14815
2018-06-15 11:00:00, 96.95, 98.46, 96.81, 98.1, 5648.43403
2018-06-15 12:00:00, 98.2, 98.71, 97.62, 98.63, 6049.80491
2018-06-15 13:00:00, 98.59, 99.8, 98.17, 98.57, 7786.91532
2018-06-15 14:00:00, 98.5, 98.57, 97.01, 97.9, 6314.623
2018-06-15 15:00:00, 97.83, 98.12, 97.62, 98.04, 4527.89897
2018-06-15 16:00:00, 98.04, 98.13, 97.66, 98.02, 5526.12944
2018-06-15 17:00:00, 97.96, 98.08, 96.0, 97.15, 9292.63894
2018-06-15 18:00:00, 97.08, 97.19, 96.31, 96.84, 4383.24745
2018-06-15 19:00:00, 96.81, 96.81, 94.75, 95.08, 7339.62551
2018-06-15 20:00:00, 95.02, 96.02, 94.49, 95.5, 5786.15454
2018-06-15 21:00:00, 95.5, 96.4, 95.17, 95.2, 4527.47204
2018-06-15 22:00:00, 95.2, 96.2, 94.94, 96.02, 3567.71929
2018-06-15 23:00:00, 96.02, 96.23, 95.61, 95.92, 4504.33854
2018-06-16 00:00:00, 96.07, 96.17, 95.39, 95.49, 4477.83739
2018-06-16 01:00:00, 95.42, 95.86, 95.38, 95.57, 6125.13528
2018-06-16 02:00:00, 95.6, 96.26, 95.05, 95.16, 5272.11204
2018-06-16 03:00:00, 95.34, 95.37, 94.79, 95.07, 5743.82806
2018-06-16 04:00:00, 95.08, 95.94, 95.0, 95.69, 4797.09282
2018-06-16 05:00:00, 95.64, 95.7, 95.1, 95.31, 4603.71922
2018-06-16 06:00:00, 95.33, 95.93, 95.25, 95.75, 4563.67446
2018-06-16 07:00:00, 95.8, 97.1, 95.72, 96.07, 8413.8519
2018-06-16 08:00:00, 96.07, 96.63, 95.7, 95.87, 4539.66299
2018-06-16 09:00:00, 95.94, 96.73, 95.57, 95.72, 4779.0383
2018-06-16 10:00:00, 95.68, 95.78, 93.6, 94.93, 7300.08358
2018-06-16 11:00:00, 94.93, 95.12, 94.55, 94.56, 4241.67793
2018-06-16 12:00:00, 94.59, 94.79, 92.68, 93.66, 8382.94472
2018-06-16 13:00:00, 93.63, 97.34, 93.11, 96.5, 6633.46404
2018-06-16 14:00:00, 96.59, 97.07, 96.13, 96.73, 6764.86856
2018-06-16 15:00:00, 96.94, 96.99, 96.5, 96.55, 4986.33847
2018-06-16 16:00:00, 96.54, 96.66, 95.91, 96.24, 5431.22178
2018-06-16 17:00:00, 96.24, 96.69, 96.16, 96.42, 4161.93996
2018-06-16 18:00:00, 96.38, 97.21, 96.37, 97.06, 5432.18932
2018-06-16 19:00:00, 97.17, 97.58, 96.98, 97.35, 4048.61018
2018-06-16 20:00:00, 97.39, 97.5, 95.82, 96.66, 6715.17439
2018-06-16 21:00:00, 96.65, 97.36, 96.52, 97.19, 4887.72157
2018-06-16 22:00:00, 97.17, 97.77, 96.96, 97.25, 4537.21481
2018-06-16 23:00:00, 97.24, 97.81, 97.14, 97.51, 4622.77512
2018-06-17 00:00:00, 97.35, 97.79, 97.18, 97.62, 4617.83877
2018-06-17 01:00:00, 97.62, 97.79, 96.8, 97.37, 6197.47302
2018-06-17 02:00:00, 97.37, 97.71, 96.95, 97.03, 4914.95086
2018-06-17 03:00:00, 96.95, 97.14, 96.73, 96.76, 4480.97735
2018-06-17 04:00:00, 96.75, 97.51, 96.7, 97.35, 4740.59779
2018-06-17 05:00:00, 97.28, 98.2, 96.52, 96.52, 5788.81301
2018-06-17 06:00:00, 96.55, 97.02, 96.21, 96.79, 4377.70853
2018-06-17 07:00:00, 96.79, 97.05, 95.84, 96.18, 4734.28817
2018-06-17 08:00:00, 96.18, 96.28, 95.57, 95.92, 5122.59724
2018-06-17 09:00:00, 95.97, 96.14, 94.9, 95.18, 6065.17376
2018-06-17 10:00:00, 95.18, 96.19, 94.92, 95.73, 4668.53959
2018-06-17 11:00:00, 95.69, 95.69, 95.05, 95.37, 4440.63734
2018-06-17 12:00:00, 95.22, 96.15, 94.8, 95.96, 4989.11014
2018-06-17 13:00:00, 96.03, 96.12, 95.7, 95.91, 4361.42032
2018-06-17 14:00:00, 95.84, 95.98, 95.48, 95.72, 5262.78925
2018-06-17 15:00:00, 95.68, 96.28, 95.61, 96.01, 4773.94642
2018-06-17 16:00:00, 96.05, 97.38, 96.0, 96.93, 5501.7298
2018-06-17 17:00:00, 96.85, 96.93, 95.67, 95.71, 4798.63971
2018-06-17 18:00:00, 95.71, 96.2, 95.6, 96.05, 4892.83541
2018-06-17 19:00:00, 96.04, 96.33, 95.06, 95.49, 5680.26361
2018-06-17 20:00:00, 95.53, 95.67, 94.51, 94.95, 5275.05104
2018-06-17 21:00:00, 94.95, 95.19, 93.62, 94.01, 6521.96585
2018-06-17 22:00:00, 94.03, 95.09, 93.59, 94.51, 6047.92327
2018-06-17 23:00:00, 94.51, 94.69, 94.01, 94.66, 5371.90405
2018-06-18 00:00:00, 94.66, 94.67, 94.12, 94.24, 4798.33795
2018-06-18 01:00:00, 94.26, 94.39, 93.34, 93.87, 5145.76283
2018-06-18 02:00:00, 93.86, 94.57, 93.64, 94.1, 6424.65386
2018-06-18 03:00:00, 94.17, 94.4, 93.91, 94.29, 5078.11883
2018-06-18 04:00:00, 94.31, 94.4, 93.95, 94.08, 5323.99587
2018-06-18 05:00:00, 94.12, 95.64, 93.92, 94.85, 6605.7185
2018-06-18 06:00:00, 94.88, 94.88, 94.24, 94.37, 4457.65684
2018-06-18 07:00:00, 94.47, 94.53, 93.7, 93.73, 4823.96551
2018-06-18 08:00:00, 93.77, 93.83, 92.89, 93.46, 7310.11031
2018-06-18 09:00:00, 93.48, 93.83, 93.0, 93.41, 7981.44966
2018-06-18 10:00:00, 93.41, 93.82, 93.2, 93.76, 4565.16141
2018-06-18 11:00:00, 93.78, 94.78, 93.46, 94.57, 6172.53632
2018-06-18 12:00:00, 94.67, 94.93, 93.82, 94.38, 6009.7796
2018-06-18 13:00:00, 94.47, 98.38, 93.85, 96.97, 12112.91092
2018-06-18 14:00:00, 96.97, 99.49, 96.91, 98.2, 15100.27533
2018-06-18 15:00:00, 98.29, 99.27, 98.1, 98.7, 10198.17882
2018-06-18 16:00:00, 98.8, 99.33, 97.75, 98.12, 9558.2844
2018-06-18 17:00:00, 98.14, 99.25, 98.14, 99.17, 5287.95241
2018-06-18 18:00:00, 99.17, 99.88, 99.17, 99.53, 6284.15668
2018-06-18 19:00:00, 99.52, 99.73, 98.55, 98.76, 5066.64029
2018-06-18 20:00:00, 98.76, 98.85, 98.26, 98.7, 5557.02302
2018-06-18 21:00:00, 98.79, 99.19, 98.7, 98.9, 1959.25434
2018-06-18 22:00:00, 98.9, 99.02, 98.5, 98.5, 761.72145
2018-06-18 23:00:00, 98.5, 98.73, 97.13, 97.6, 1895.39702
2018-06-19 00:00:00, 97.59, 98.16, 97.2, 97.36, 3884.5256
2018-06-19 01:00:00, 97.31, 97.89, 97.21, 97.79, 5284.56479
2018-06-19 02:00:00, 97.79, 98.01, 97.52, 97.72, 4871.91616
2018-06-19 03:00:00, 97.72, 97.91, 96.91, 97.03, 4227.67417
2018-06-19 04:00:00, 97.11, 97.87, 97.0, 97.73, 4655.09565
2018-06-19 05:00:00, 97.73, 97.87, 97.38, 97.49, 4579.07526
2018-06-19 06:00:00, 97.49, 97.89, 97.41, 97.73, 5201.44011
2018-06-19 07:00:00, 97.72, 98.5, 97.5, 98.26, 4503.19375
2018-06-19 08:00:00, 98.27, 100.47, 98.1, 98.97, 6473.59893
2018-06-19 09:00:00, 98.97, 100.39, 98.8, 100.04, 5306.61451
2018-06-19 10:00:00, 100.05, 120.0, 99.32, 99.67, 15743.92779
2018-06-19 11:00:00, 99.67, 100.03, 98.53, 99.06, 7437.53343
2018-06-19 12:00:00, 99.02, 99.34, 98.26, 98.41, 5960.17193
2018-06-19 13:00:00, 98.41, 98.53, 97.04, 97.59, 6218.99314
2018-06-19 14:00:00, 97.59, 98.27, 97.59, 98.05, 5427.51144
2018-06-19 15:00:00, 98.06, 98.41, 97.76, 97.96, 5377.16888
2018-06-19 16:00:00, 97.96, 98.8, 97.69, 98.67, 5402.40772
2018-06-19 17:00:00, 98.68, 99.26, 97.74, 98.02, 8442.10744
2018-06-19 18:00:00, 98.02, 98.63, 98.0, 98.23, 5723.33065
2018-06-19 19:00:00, 98.23, 98.68, 98.07, 98.37, 4858.63154
2018-06-19 20:00:00, 98.4, 98.9, 98.23, 98.67, 5869.65555
2018-06-19 21:00:00, 98.67, 99.02, 97.66, 97.79, 6235.91906
2018-06-19 22:00:00, 97.79, 97.95, 96.08, 96.72, 12989.52538
2018-06-19 23:00:00, 96.71, 96.86, 95.88, 96.03, 6858.35229
2018-06-20 00:00:00, 96.03, 96.35, 95.95, 96.02, 5748.83285
2018-06-20 01:00:00, 96.05, 96.2, 95.21, 95.62, 4843.64294
2018-06-20 02:00:00, 95.62, 95.99, 95.51, 95.68, 641.77909
2018-06-20 03:00:00, 95.7, 96.51, 95.55, 96.41, 1670.57534
2018-06-20 04:00:00, 96.31, 96.55, 96.25, 96.45, 6444.79171
2018-06-20 05:00:00, 96.46, 96.58, 95.83, 96.07, 5945.91714
2018-06-20 06:00:00, 96.21, 96.7, 96.01, 96.19, 5813.8143
2018-06-20 07:00:00, 96.17, 96.2, 95.71, 95.87, 5076.10396
2018-06-20 08:00:00, 95.86, 96.26, 95.7, 96.08, 5336.32502
2018-06-20 09:00:00, 96.08, 96.31, 95.81, 96.01, 5199.9736
2018-06-20 10:00:00, 96.01, 98.7, 95.3, 98.03, 10197.35801
2018-06-20 11:00:00, 98.03, 98.72, 97.88, 98.16, 6922.81816
2018-06-20 12:00:00, 98.17, 98.35, 97.79, 98.04, 6712.76574
2018-06-20 13:00:00, 98.04, 99.13, 97.8, 98.0, 7258.03273
2018-06-20 14:00:00, 98.0, 98.17, 97.44, 97.92, 5926.2565
2018-06-20 15:00:00, 97.92, 98.05, 97.65, 97.75, 5704.19345
2018-06-20 16:00:00, 97.78, 97.9, 97.51, 97.67, 4564.9077
2018-06-20 17:00:00, 97.7, 97.75, 97.0, 97.51, 5609.68242
2018-06-20 18:00:00, 97.51, 97.55, 97.12, 97.27, 5365.37065
2018-06-20 19:00:00, 97.27, 97.75, 97.18, 97.6, 5030.68587
2018-06-20 20:00:00, 97.6, 97.92, 97.58, 97.72, 5888.01782
2018-06-20 21:00:00, 97.72, 98.14, 97.41, 97.61, 5788.24278
2018-06-20 22:00:00, 97.6, 97.94, 97.41, 97.76, 5041.48916
2018-06-20 23:00:00, 97.76, 99.3, 97.76, 98.77, 6198.10309
2018-06-21 00:00:00, 98.77, 98.92, 98.06, 98.36, 5124.24306
2018-06-21 01:00:00, 98.45, 98.46, 97.28, 97.76, 6191.54757
2018-06-21 02:00:00, 97.69, 98.05, 97.25, 97.86, 6622.35988
2018-06-21 03:00:00, 97.83, 98.3, 97.51, 98.04, 5674.7012
2018-06-21 04:00:00, 98.05, 98.22, 97.79, 97.99, 5469.98354
2018-06-21 05:00:00, 97.98, 98.0, 96.92, 97.11, 6036.03267
2018-06-21 06:00:00, 97.11, 97.44, 96.38, 97.16, 5884.53342
2018-06-21 07:00:00, 97.32, 97.87, 96.82, 97.11, 5948.53321
2018-06-21 08:00:00, 97.19, 97.19, 96.5, 96.72, 5409.00003
2018-06-21 09:00:00, 96.61, 97.0, 96.37, 96.7, 5346.1986
2018-06-21 10:00:00, 96.56, 96.9, 96.0, 96.63, 8002.40868
2018-06-21 11:00:00, 96.56, 96.7, 96.14, 96.55, 5161.60242
2018-06-21 12:00:00, 96.49, 96.97, 96.2, 96.82, 5346.72891
2018-06-21 13:00:00, 96.9, 97.11, 96.42, 96.73, 5824.68741
2018-06-21 14:00:00, 96.65, 96.91, 96.34, 96.52, 5701.20942
2018-06-21 15:00:00, 96.53, 96.54, 96.24, 96.46, 6108.21971
2018-06-21 16:00:00, 96.37, 96.84, 96.18, 96.35, 4887.43622
2018-06-21 17:00:00, 96.24, 96.9, 96.08, 96.38, 5579.50296
2018-06-21 18:00:00, 96.5, 96.51, 96.07, 96.07, 5226.5485
2018-06-21 19:00:00, 96.09, 97.17, 96.07, 96.82, 5271.33584
2018-06-21 20:00:00, 96.81, 96.95, 96.4, 96.72, 5720.17672
2018-06-21 21:00:00, 96.74, 96.87, 96.56, 96.66, 5148.15445
2018-06-21 22:00:00, 96.66, 96.83, 93.96, 94.11, 9023.19993
2018-06-21 23:00:00, 94.12, 94.3, 92.9, 93.91, 8935.90871
2018-06-22 00:00:00, 93.9, 94.3, 93.82, 94.28, 4835.77637
2018-06-22 01:00:00, 94.19, 94.3, 93.61, 94.17, 5595.46036
2018-06-22 02:00:00, 94.04, 94.46, 93.66, 93.66, 5815.33022
2018-06-22 03:00:00, 93.8, 94.04, 92.51, 93.02, 6477.73764
2018-06-22 04:00:00, 93.02, 93.1, 89.44, 90.35, 10492.0046
2018-06-22 05:00:00, 90.35, 91.21, 88.83, 90.11, 11424.80577
2018-06-22 06:00:00, 90.11, 90.21, 87.3, 87.44, 7881.40726
2018-06-22 07:00:00, 87.44, 90.13, 87.23, 89.2, 9281.0147
2018-06-22 08:00:00, 89.19, 89.5, 88.01, 88.8, 7674.79633
2018-06-22 09:00:00, 88.8, 88.96, 87.88, 88.18, 6374.89998
2018-06-22 10:00:00, 88.18, 88.27, 83.02, 84.31, 21386.33962
2018-06-22 11:00:00, 84.31, 85.75, 84.26, 85.0, 14668.54846
2018-06-22 12:00:00, 85.0, 85.61, 84.23, 85.43, 9155.61165
2018-06-22 13:00:00, 85.56, 86.86, 84.56, 86.54, 9641.47226
2018-06-22 14:00:00, 86.54, 86.65, 85.1, 85.62, 7019.23419
2018-06-22 15:00:00, 85.55, 86.99, 85.2, 86.59, 7856.42014
2018-06-22 16:00:00, 86.64, 86.69, 85.53, 85.86, 7442.07771
2018-06-22 17:00:00, 85.86, 85.88, 82.5, 83.34, 17994.27606
2018-06-22 18:00:00, 83.39, 83.48, 80.02, 82.01, 16948.15547
2018-06-22 19:00:00, 82.02, 86.01, 81.29, 85.48, 15052.17381
2018-06-22 20:00:00, 85.48, 85.63, 84.3, 84.8, 5984.10829
2018-06-22 21:00:00, 84.75, 86.77, 84.17, 86.09, 8513.6962
2018-06-22 22:00:00, 86.09, 86.09, 85.11, 85.87, 6131.24121
2018-06-22 23:00:00, 85.97, 86.27, 85.02, 85.28, 6341.22113
2018-06-23 00:00:00, 85.28, 85.46, 84.18, 84.4, 7741.36193
2018-06-23 01:00:00, 84.46, 85.12, 84.18, 84.54, 6381.32403
2018-06-23 02:00:00, 84.68, 84.69, 83.62, 83.75, 5894.50092
2018-06-23 03:00:00, 83.75, 83.76, 81.46, 81.91, 10398.06652
2018-06-23 04:00:00, 82.0, 84.15, 81.71, 84.06, 6520.90402
2018-06-23 05:00:00, 84.05, 84.34, 82.44, 82.9, 7857.65889
2018-06-23 06:00:00, 82.91, 84.17, 82.8, 83.89, 6323.09422
2018-06-23 07:00:00, 84.0, 84.3, 83.6, 84.03, 5171.99033
2018-06-23 08:00:00, 83.98, 84.67, 83.48, 83.96, 7702.11766
2018-06-23 09:00:00, 83.97, 84.06, 82.63, 83.42, 7232.86637
2018-06-23 10:00:00, 83.36, 83.67, 82.77, 83.53, 7342.68122
2018-06-23 11:00:00, 83.46, 83.56, 82.48, 82.48, 7708.44077
2018-06-23 12:00:00, 82.48, 82.61, 81.31, 81.98, 9157.39737
2018-06-23 13:00:00, 81.98, 82.88, 81.98, 82.43, 5402.96053
2018-06-23 14:00:00, 82.45, 82.8, 82.2, 82.73, 5049.72333
2018-06-23 15:00:00, 82.78, 82.85, 82.38, 82.52, 6052.56412
2018-06-23 16:00:00, 82.53, 82.69, 82.23, 82.55, 7006.8873
2018-06-23 17:00:00, 82.51, 82.53, 81.87, 82.22, 5635.07597
2018-06-23 18:00:00, 82.22, 84.3, 82.11, 83.95, 6958.70337
2018-06-23 19:00:00, 83.95, 84.67, 82.93, 83.14, 8098.49395
2018-06-23 20:00:00, 83.14, 83.39, 82.5, 82.73, 5226.78426
2018-06-23 21:00:00, 82.76, 83.18, 81.35, 82.03, 8036.32231
2018-06-23 22:00:00, 82.12, 82.25, 81.02, 81.62, 8556.64839
2018-06-23 23:00:00, 81.61, 81.85, 81.37, 81.7, 5268.41777
2018-06-24 00:00:00, 81.69, 81.74, 80.26, 80.57, 6623.81652
2018-06-24 01:00:00, 80.52, 80.58, 76.0, 77.1, 19640.74418
2018-06-24 02:00:00, 77.11, 77.5, 75.1, 76.1, 13642.6729
2018-06-24 03:00:00, 76.11, 76.45, 74.76, 76.27, 14268.8283
2018-06-24 04:00:00, 76.32, 76.83, 75.65, 75.96, 7292.10986
2018-06-24 05:00:00, 75.97, 77.35, 75.76, 76.9, 8112.50921
2018-06-24 06:00:00, 76.93, 77.52, 76.78, 76.88, 6283.44783
2018-06-24 07:00:00, 76.87, 78.2, 76.68, 77.89, 9825.56098
2018-06-24 08:00:00, 77.9, 78.45, 77.31, 77.97, 6561.65997
2018-06-24 09:00:00, 78.07, 78.08, 76.53, 77.22, 6420.25128
2018-06-24 10:00:00, 77.2, 77.59, 77.01, 77.5, 6740.64093
2018-06-24 11:00:00, 77.51, 77.63, 76.1, 76.2, 5583.10035
2018-06-24 12:00:00, 76.16, 76.25, 73.22, 73.5, 17745.55027
2018-06-24 13:00:00, 73.5, 80.89, 73.38, 80.27, 26044.71035
2018-06-24 14:00:00, 80.27, 82.14, 78.76, 80.62, 15816.74597
2018-06-24 15:00:00, 80.55, 80.87, 78.97, 80.62, 13531.32236
2018-06-24 16:00:00, 80.63, 81.51, 80.02, 80.75, 8346.35687
2018-06-24 17:00:00, 80.71, 83.63, 80.44, 82.6, 10264.32665
2018-06-24 18:00:00, 82.59, 83.63, 80.96, 81.03, 8016.25561
2018-06-24 19:00:00, 81.02, 81.79, 79.83, 81.35, 10161.75414
2018-06-24 20:00:00, 81.48, 81.5, 80.28, 80.37, 7521.06618
2018-06-24 21:00:00, 80.46, 80.5, 79.12, 80.27, 10971.33294
2018-06-24 22:00:00, 80.27, 80.4, 79.46, 79.61, 6556.0143
2018-06-24 23:00:00, 79.64, 79.7, 78.59, 78.81, 6506.28084
2018-06-25 00:00:00, 78.81, 79.8, 78.55, 79.68, 6599.06049
2018-06-25 01:00:00, 79.68, 81.98, 79.68, 80.61, 7736.25523
2018-06-25 02:00:00, 80.65, 80.7, 79.76, 80.2, 5397.89221
2018-06-25 03:00:00, 80.23, 81.5, 80.14, 80.87, 5932.49214
2018-06-25 04:00:00, 80.84, 80.91, 80.14, 80.28, 4758.25522
2018-06-25 05:00:00, 80.28, 81.23, 79.92, 80.45, 4732.71168
2018-06-25 06:00:00, 80.49, 80.83, 79.71, 79.95, 5565.23764
2018-06-25 07:00:00, 79.93, 81.8, 79.91, 80.92, 6062.9151
2018-06-25 08:00:00, 80.89, 82.7, 80.89, 82.67, 7319.81291
2018-06-25 09:00:00, 82.69, 83.81, 80.11, 80.57, 9980.10873
2018-06-25 10:00:00, 80.55, 81.15, 79.78, 80.8, 6108.44702
2018-06-25 11:00:00, 80.79, 83.8, 80.5, 82.56, 10407.28425
2018-06-25 12:00:00, 82.56, 83.2, 82.13, 82.85, 8717.10318
2018-06-25 13:00:00, 82.85, 84.38, 82.09, 82.74, 9047.0273
2018-06-25 14:00:00, 82.74, 82.89, 82.06, 82.45, 6629.96481
2018-06-25 15:00:00, 82.45, 82.95, 81.69, 82.11, 7636.61449
2018-06-25 16:00:00, 82.0, 82.39, 81.2, 81.73, 6522.80896
2018-06-25 17:00:00, 81.62, 82.31, 81.58, 81.89, 5377.50695
2018-06-25 18:00:00, 81.81, 82.1, 81.61, 81.97, 4948.02041
2018-06-25 19:00:00, 81.97, 82.05, 81.28, 81.72, 5947.66462
2018-06-25 20:00:00, 81.71, 81.95, 81.41, 81.48, 5275.56185
2018-06-25 21:00:00, 81.48, 81.99, 80.7, 80.95, 7369.11316
2018-06-25 22:00:00, 80.95, 81.8, 80.74, 81.44, 8183.02484
2018-06-26 09:00:00, 81.33, 81.47, 79.68, 80.84, 10459.72053
2018-06-26 10:00:00, 80.8, 81.46, 79.29, 79.45, 9190.56263
2018-06-26 11:00:00, 79.42, 79.7, 78.05, 79.22, 10810.96109
2018-06-26 12:00:00, 79.12, 79.65, 78.75, 79.64, 11834.49217
2018-06-26 13:00:00, 79.64, 80.6, 78.78, 79.36, 7334.91954
2018-06-26 14:00:00, 79.26, 79.37, 78.8, 79.12, 6081.41438
2018-06-26 15:00:00, 79.16, 79.3, 78.27, 78.35, 6887.35744
2018-06-26 16:00:00, 78.49, 78.88, 78.14, 78.7, 5528.99435
2018-06-26 17:00:00, 78.7, 79.35, 78.54, 78.76, 5676.64059
2018-06-26 18:00:00, 78.67, 79.74, 78.61, 79.2, 6543.40903
2018-06-26 19:00:00, 79.18, 79.23, 76.88, 77.27, 11779.4147
2018-06-26 20:00:00, 77.33, 77.33, 75.0, 75.54, 10443.15589
2018-06-26 21:00:00, 75.63, 76.84, 74.87, 76.32, 9060.74893
2018-06-26 22:00:00, 76.29, 76.84, 75.67, 76.21, 5743.08516
2018-06-26 23:00:00, 76.29, 76.69, 75.89, 75.93, 4923.11776
2018-06-27 00:00:00, 75.93, 76.05, 74.91, 74.99, 5491.55359
2018-06-27 01:00:00, 75.0, 75.75, 74.99, 75.42, 4784.70222
2018-06-27 02:00:00, 75.42, 76.31, 75.28, 76.18, 5536.07715
2018-06-27 03:00:00, 76.18, 76.58, 76.09, 76.24, 4607.3981
2018-06-27 04:00:00, 76.17, 76.49, 76.15, 76.31, 4627.34869
2018-06-27 05:00:00, 76.31, 77.34, 76.27, 76.97, 5710.24468
2018-06-27 06:00:00, 76.98, 78.0, 76.82, 77.97, 5831.32427
2018-06-27 07:00:00, 77.98, 79.57, 77.64, 79.29, 5931.25163
2018-06-27 08:00:00, 79.26, 79.43, 78.46, 78.68, 5481.09198
2018-06-27 09:00:00, 78.68, 78.83, 77.9, 78.52, 5825.18775
2018-06-27 11:00:00, 78.42, 78.51, 77.01, 77.64, 1678.9113
2018-06-27 12:00:00, 77.77, 80.86, 77.77, 79.92, 10873.83385
2018-06-27 13:00:00, 79.92, 80.75, 79.21, 80.23, 6618.25269
2018-06-27 14:00:00, 80.26, 80.94, 79.93, 80.74, 5820.29814
2018-06-27 15:00:00, 80.81, 81.0, 80.05, 80.69, 6200.7684
2018-06-27 16:00:00, 80.69, 80.88, 80.24, 80.64, 6858.25834
2018-06-27 17:00:00, 80.84, 80.84, 80.0, 80.14, 6795.58374
2018-06-27 18:00:00, 80.14, 80.21, 79.7, 80.03, 6369.30812
2018-06-27 19:00:00, 80.09, 80.9, 79.96, 80.79, 6074.56873
2018-06-27 20:00:00, 80.79, 81.75, 80.24, 80.6, 8332.41887
2018-06-27 21:00:00, 80.71, 81.43, 80.54, 81.31, 6821.37458
2018-06-27 22:00:00, 81.33, 81.38, 80.42, 80.98, 6987.52686
2018-06-27 23:00:00, 80.97, 81.0, 80.03, 80.37, 5987.88588
2018-06-28 00:00:00, 80.44, 80.52, 78.1, 79.19, 8665.55488
2018-06-28 01:00:00, 79.19, 79.74, 78.7, 79.36, 6631.34632
2018-06-28 02:00:00, 79.4, 79.42, 78.78, 79.11, 4989.90981
2018-06-28 03:00:00, 79.27, 79.27, 78.53, 78.64, 6847.03223
2018-06-28 04:00:00, 78.65, 78.99, 78.38, 78.94, 4693.50803
2018-06-28 05:00:00, 78.95, 79.09, 78.56, 78.9, 5578.79199
2018-06-28 06:00:00, 78.9, 78.91, 78.21, 78.47, 5725.93095
2018-06-28 07:00:00, 78.42, 78.52, 77.83, 77.94, 6281.5414
2018-06-28 08:00:00, 77.94, 78.55, 77.9, 78.44, 6056.17417
2018-06-28 09:00:00, 78.41, 79.29, 78.26, 78.72, 6272.297
2018-06-28 10:00:00, 78.73, 78.95, 78.42, 78.65, 4990.64927
2018-06-28 11:00:00, 78.64, 79.93, 78.35, 79.9, 8043.26105
2018-06-28 12:00:00, 79.86, 79.9, 79.23, 79.43, 5836.47981
2018-06-28 13:00:00, 79.43, 80.19, 79.24, 79.5, 5904.62462
2018-06-28 14:00:00, 79.5, 79.56, 79.18, 79.31, 6987.36612
2018-06-28 15:00:00, 79.28, 79.41, 79.13, 79.28, 5121.27041
2018-06-28 16:00:00, 79.28, 79.35, 78.44, 78.75, 9533.57072
2018-06-28 17:00:00, 78.87, 79.07, 77.5, 78.1, 9002.56004
2018-06-28 18:00:00, 78.26, 78.26, 76.24, 76.41, 15989.72173
2018-06-28 19:00:00, 76.55, 77.72, 75.89, 76.57, 11416.64438
2018-06-28 20:00:00, 76.58, 76.58, 73.89, 74.05, 15464.04341
2018-06-28 21:00:00, 74.24, 75.83, 74.08, 74.92, 9936.20965
2018-06-28 22:00:00, 74.91, 75.13, 74.36, 74.54, 6211.00893
2018-06-28 23:00:00, 74.6, 75.03, 74.48, 74.72, 6763.24734
2018-06-29 00:00:00, 74.72, 75.34, 74.51, 74.95, 5618.06982
2018-06-29 01:00:00, 74.98, 75.11, 74.11, 74.4, 5198.85046
2018-06-29 02:00:00, 74.3, 75.17, 72.81, 74.98, 12949.59739
2018-06-29 03:00:00, 74.98, 75.12, 74.01, 74.14, 8058.97849
2018-06-29 04:00:00, 74.24, 74.3, 73.31, 73.61, 8039.17908
2018-06-29 05:00:00, 73.6, 74.2, 73.5, 73.66, 6066.88643
2018-06-29 06:00:00, 73.59, 74.28, 73.51, 74.28, 6337.20112
2018-06-29 07:00:00, 74.21, 74.27, 73.5, 73.63, 5143.0213
2018-06-29 08:00:00, 73.64, 73.87, 73.01, 73.44, 6399.84584
2018-06-29 09:00:00, 73.45, 74.0, 73.21, 73.77, 6175.49785
2018-06-29 10:00:00, 73.85, 73.92, 72.15, 72.86, 7531.71104
2018-06-29 11:00:00, 72.97, 74.01, 72.77, 73.97, 7044.29861
2018-06-29 12:00:00, 73.93, 74.1, 73.38, 73.88, 6449.30968
2018-06-29 13:00:00, 73.88, 73.88, 73.27, 73.42, 5111.88066
2018-06-29 14:00:00, 73.42, 73.96, 73.31, 73.86, 5545.57734
2018-06-29 15:00:00, 73.88, 74.07, 73.46, 73.62, 4926.71484
2018-06-29 16:00:00, 73.56, 73.67, 72.74, 73.34, 6718.66052
2018-06-29 17:00:00, 73.34, 74.16, 73.21, 73.93, 7315.40014
2018-06-29 18:00:00, 73.89, 74.53, 73.85, 74.38, 7251.73376
2018-06-29 19:00:00, 74.49, 80.79, 74.38, 79.8, 19793.30274
2018-06-29 20:00:00, 79.88, 80.55, 78.56, 78.94, 11598.68145
2018-06-29 21:00:00, 78.94, 81.5, 78.84, 80.74, 10995.9774
2018-06-29 22:00:00, 80.62, 84.59, 80.62, 82.51, 19693.93047
2018-06-29 23:00:00, 82.65, 82.94, 81.0, 81.97, 10678.64475
2018-06-30 00:00:00, 82.0, 83.13, 81.57, 81.88, 6633.20583
2018-06-30 01:00:00, 81.91, 82.43, 81.66, 82.01, 5354.88365
2018-06-30 02:00:00, 82.07, 82.49, 81.88, 81.93, 4664.70351
2018-06-30 03:00:00, 82.0, 82.33, 81.73, 81.93, 6356.90218
2018-06-30 04:00:00, 82.04, 82.43, 81.77, 82.24, 7223.4335
2018-06-30 05:00:00, 82.11, 82.24, 81.61, 81.62, 3177.44076
