-- phpMyAdmin SQL Dump
-- version 4.6.6deb1+deb.cihar.com~trusty.2
-- https://www.phpmyadmin.net/
--
-- Host: localhost
-- Tempo de geração: 26/02/2018 às 22:38
-- Versão do servidor: 5.5.35-1ubuntu1
-- Versão do PHP: 7.0.26-2+ubuntu14.04.1+deb.sury.org+2

SET SQL_MODE = "NO_AUTO_VALUE_ON_ZERO";
SET time_zone = "+00:00";


/*!40101 SET @OLD_CHARACTER_SET_CLIENT=@@CHARACTER_SET_CLIENT */;
/*!40101 SET @OLD_CHARACTER_SET_RESULTS=@@CHARACTER_SET_RESULTS */;
/*!40101 SET @OLD_COLLATION_CONNECTION=@@COLLATION_CONNECTION */;
/*!40101 SET NAMES utf8mb4 */;

--
-- Banco de dados: `protrader`
--

-- --------------------------------------------------------

--
-- Estrutura para tabela `bot`
--

CREATE TABLE `bot` (
  `id` int(10) UNSIGNED NOT NULL,
  `user_id` int(11) NOT NULL,
  `exchange` varchar(255) COLLATE utf8mb4_unicode_ci NOT NULL,
  `currency` varchar(255) COLLATE utf8mb4_unicode_ci NOT NULL,
  `strategy_buy` int(5) NOT NULL,
  `strategy_sell` int(5) NOT NULL,
  `percentage` float(8,8) NOT NULL,
  `pid` int(10) NOT NULL,
  `active` int(11) NOT NULL,
  `max_order` int(5) NOT NULL,
  `order_value` varchar(10) COLLATE utf8mb4_unicode_ci NOT NULL,
  `period` varchar(255) COLLATE utf8mb4_unicode_ci NOT NULL,
  `stoploss` float(8,8) NOT NULL,
  `created_at` timestamp NULL DEFAULT NULL,
  `updated_at` timestamp NULL DEFAULT NULL
) ENGINE=InnoDB DEFAULT CHARSET=utf8mb4 COLLATE=utf8mb4_unicode_ci;

--
-- Fazendo dump de dados para tabela `bot`
--

INSERT INTO `bot` (`id`, `user_id`, `exchange`, `currency`, `strategy_buy`, `strategy_sell`, `percentage`, `pid`, `active`, `max_order`, `order_value`, `period`, `stoploss`, `created_at`, `updated_at`) VALUES
(46, 2, 'bittrex', 'BTC-LTC', 0, 0, 0.10000000, 1816, 1, 0, '0.95', 'hour', 0.75000000, '2018-02-16 02:30:25', '2018-02-24 12:57:39'),
(58, 5, 'bittrex', 'BTC-LTC', 0, 0, 0.03000000, 1819, 0, 0, '0.1', 'hour', 0.10000000, '2018-02-17 20:31:46', '2018-02-17 20:31:46'),
(59, 5, 'bittrex', 'BTC-DASH', 0, 0, 0.03000000, 1822, 0, 0, '0.1', 'hour', 0.10000000, '2018-02-17 20:31:58', '2018-02-17 20:31:58'),
(70, 2, 'bittrex', 'BTC-ETH', 0, 0, 0.10000000, 1825, 1, 0, '0.95', 'hour', 0.75000000, '2018-02-19 14:37:09', '2018-02-24 12:57:57'),
(73, 4, 'bittrex', 'BTC-LTC', 0, 1, 0.01000000, 1828, 0, 0, '0.1', 'hour', 0.05000000, '2018-02-21 20:25:52', '2018-02-24 22:47:38'),
(74, 4, 'bittrex', 'BTC-DGB', 0, 0, 0.03000000, 1831, 1, 0, '0.1', 'hour', 0.10000000, '2018-02-21 22:08:46', '2018-02-23 22:37:17'),
(75, 4, 'bittrex', 'BTC-GLD', 0, 0, 0.03000000, 1834, 1, 0, '0.1', 'hour', 0.10000000, '2018-02-21 22:11:07', '2018-02-23 22:37:27'),
(76, 4, 'bittrex', 'BTC-XWC', 0, 1, 0.01000000, 1837, 0, 0, '0.1', 'hour', 0.05000000, '2018-02-21 22:12:04', '2018-02-24 22:47:23'),
(77, 6, 'bittrex', 'BTC-LTC', 0, 0, 0.03000000, 1840, 0, 0, '0.1', 'hour', 0.10000000, '2018-02-21 23:26:28', '2018-02-21 23:26:28'),
(82, 3, 'bittrex', 'BTC-DOGE', 0, 0, 0.03000000, 1270, 0, 0, '0.1', 'thirtyMin', 0.05000000, '2018-02-22 20:30:50', '2018-02-22 21:26:55'),
(83, 3, 'bittrex', 'BTC-RDD', 0, 0, 0.01000000, 1843, 0, 0, '0.1', 'thirtyMin', 0.05000000, '2018-02-22 20:31:05', '2018-02-22 20:31:05'),
(84, 3, 'bittrex', 'BTC-LTC', 0, 0, 0.01000000, 1846, 0, 0, '0.1', 'thirtyMin', 0.05000000, '2018-02-22 20:34:29', '2018-02-22 20:34:29'),
(85, 3, 'bittrex', 'BTC-EMC2', 0, 0, 0.01000000, 1849, 0, 0, '0.1', 'Day', 0.05000000, '2018-02-22 20:40:26', '2018-02-22 20:40:26'),
(86, 3, 'bittrex', 'BTC-LTC', 0, 0, 0.01000000, 1852, 0, 0, '0.1', 'thirtyMin', 0.05000000, '2018-02-22 20:40:42', '2018-02-22 20:40:42'),
(87, 3, 'bittrex', 'BTC-LTC', 0, 0, 0.01000000, 1855, 0, 0, '0.1', 'thirtyMin', 0.05000000, '2018-02-22 20:58:47', '2018-02-22 20:58:47'),
(91, 1, 'bittrex', 'BTC-RDD', 0, 0, 0.01000000, 1858, 0, 0, '0.1', 'thirtyMin', 0.20000000, '2018-02-25 14:29:08', '2018-02-26 22:19:03'),
(94, 1, 'bittrex', 'BTC-DOGE', 0, 0, 0.01000000, 1861, 0, 0, '0.1', 'thirtyMin', 0.05000000, '2018-02-25 15:01:36', '2018-02-25 15:01:36'),
(95, 1, 'bittrex', 'BTC-DASH', 0, 0, 0.01000000, 1864, 0, 0, '0.1', 'thirtyMin', 0.05000000, '2018-02-25 15:02:12', '2018-02-25 15:02:12'),
(96, 1, 'bittrex', 'BTC-XMR', 0, 0, 0.01000000, 1867, 0, 0, '0.1', 'thirtyMin', 0.05000000, '2018-02-25 15:02:26', '2018-02-25 15:02:26'),
(97, 1, 'bittrex', 'BTC-BTG', 0, 0, 0.01000000, 1871, 0, 0, '0.1', 'thirtyMin', 0.05000000, '2018-02-25 16:11:18', '2018-02-25 16:11:18'),
(98, 15, 'bittrex', 'BTC-LTC', 0, 1, 0.02000000, 1875, 0, 0, '0.1', 'Day', 0.10000000, '2018-02-25 17:53:58', '2018-02-25 17:53:58'),
(99, 1, 'bittrex', 'BTC-ADA', 0, 0, 0.01000000, 1878, 0, 0, '0.1', 'thirtyMin', 0.05000000, '2018-02-25 18:12:15', '2018-02-25 18:12:15'),
(100, 16, 'bittrex', 'BTC-LTC', 0, 0, 0.01000000, 1881, 0, 0, '0.1', 'Day', 0.05000000, '2018-02-25 18:39:12', '2018-02-25 18:39:12'),
(102, 16, 'bittrex', 'BTC-LTC', 0, 0, 0.01000000, 1884, 0, 0, '0.1', 'oneMin', 0.05000000, '2018-02-25 18:42:32', '2018-02-25 18:42:32'),
(103, 16, 'bittrex', 'BTC-LTC', 0, 0, 0.01000000, 1887, 0, 0, '0.1', 'oneMin', 0.05000000, '2018-02-25 18:44:08', '2018-02-25 18:44:08'),
(104, 16, 'bittrex', 'BTC-LTC', 0, 0, 0.01000000, 1890, 0, 0, '0.1', 'oneMin', 0.05000000, '2018-02-25 18:44:13', '2018-02-25 18:44:13'),
(105, 1, 'bittrex', 'BTC-LTC', 0, 0, 0.01000000, 1893, 0, 0, '0.1', 'thirtyMin', 0.05000000, '2018-02-26 00:40:14', '2018-02-26 00:40:14'),
(106, 18, 'bittrex', 'BTC-LTC', 0, 0, 0.02000000, 1896, 0, 0, '0.1', 'Day', 0.05000000, '2018-02-26 00:46:18', '2018-02-26 00:46:18'),
(107, 1, 'bittrex', 'BTC-XRP', 0, 0, 0.01000000, 1899, 0, 0, '0.1', 'thirtyMin', 0.05000000, '2018-02-26 00:46:49', '2018-02-26 00:46:49'),
(108, 1, 'bittrex', 'BTC-XVG', 0, 0, 0.01000000, 1902, 0, 0, '0.1', 'thirtyMin', 0.05000000, '2018-02-26 00:47:17', '2018-02-26 00:47:17'),
(109, 20, 'bittrex', 'BTC-LTC', 0, 0, 0.01000000, 1905, 0, 0, '0.95', 'Day', 0.05000000, '2018-02-26 01:40:14', '2018-02-26 01:40:14'),
(110, 20, 'bittrex', 'BTC-DOGE', 1, 1, 0.01000000, 1909, 0, 0, '0.1', 'Day', 0.15000001, '2018-02-26 01:41:50', '2018-02-26 01:41:50'),
(111, 20, 'bittrex', 'BTC-DASH', 0, 0, 0.01000000, 1914, 0, 0, '0.1', 'Day', 0.05000000, '2018-02-26 01:44:04', '2018-02-26 01:44:04'),
(112, 1, 'bittrex', 'BTC-RDD', 0, 1, 0.01000000, 1919, 0, 0, '0.1', 'thirtyMin', 0.05000000, '2018-02-26 01:47:23', '2018-02-26 01:47:23'),
(113, 1, 'bittrex', 'BTC-DOGE', 0, 1, 0.01000000, 1922, 0, 0, '0.1', 'thirtyMin', 0.05000000, '2018-02-26 02:17:46', '2018-02-26 02:17:46'),
(114, 21, 'bittrex', 'BTC-LTC', 0, 1, 0.02000000, 1927, 0, 0, '0.1', 'fiveMin', 0.05000000, '2018-02-26 02:44:23', '2018-02-26 02:44:23'),
(115, 21, 'bittrex', 'BTC-DASH', 1, 0, 0.01000000, 1931, 0, 0, '0.1', 'fiveMin', 0.05000000, '2018-02-26 02:45:14', '2018-02-26 02:45:14'),
(116, 21, 'bittrex', 'BTC-NEOS', 0, 0, 0.01000000, 1934, 0, 0, '0.1', 'fiveMin', 0.05000000, '2018-02-26 02:45:39', '2018-02-26 02:45:39'),
(117, 21, 'bittrex', 'BTC-STEEM', 0, 0, 0.01000000, 1938, 0, 0, '0.1', 'Day', 0.05000000, '2018-02-26 02:46:20', '2018-02-26 02:46:20'),
(118, 22, 'bittrex', 'BTC-LTC', 1, 0, 0.01000000, 1942, 0, 0, '0.1', 'fiveMin', 0.05000000, '2018-02-26 03:46:43', '2018-02-26 03:46:43'),
(119, 22, 'bittrex', 'BTC-POWR', 0, 0, 0.01000000, 1947, 0, 0, '0.1', 'fiveMin', 0.05000000, '2018-02-26 03:47:29', '2018-02-26 03:47:29'),
(120, 23, 'bittrex', 'BTC-LTC', 0, 0, 0.01000000, 1951, 0, 0, '0.1', 'Day', 0.05000000, '2018-02-26 15:42:44', '2018-02-26 15:42:44'),
(121, 28, 'bittrex', 'BTC-LTC', 0, 0, 0.10000000, 1955, 0, 0, '0.95', 'Day', 0.05000000, '2018-02-26 20:05:52', '2018-02-26 20:05:52'),
(122, 29, 'bittrex', 'BTC-LTC', 0, 0, 0.01000000, 1958, 0, 0, '0.1', 'Day', 0.05000000, '2018-02-26 20:07:30', '2018-02-26 20:07:30'),
(127, 30, 'bittrex', 'BTC-LTC', 0, 0, 0.01000000, 1962, 0, 0, '0.1', 'thirtyMin', 0.05000000, '2018-02-26 20:26:58', '2018-02-26 20:26:58'),
(128, 30, 'bittrex', 'BTC-DOGE', 0, 0, 0.01000000, 1965, 0, 0, '0.1', 'thirtyMin', 0.05000000, '2018-02-26 20:49:59', '2018-02-26 20:49:59'),
(129, 30, 'bittrex', 'BTC-DASH', 0, 0, 0.01000000, 1968, 0, 0, '0.1', 'thirtyMin', 0.05000000, '2018-02-26 20:50:26', '2018-02-26 20:50:26'),
(130, 30, 'bittrex', 'BTC-XMR', 0, 0, 0.01000000, 1971, 0, 0, '0.1', 'thirtyMin', 0.05000000, '2018-02-26 20:50:56', '2018-02-26 20:50:56'),
(131, 30, 'bittrex', 'BTC-NEOS', 0, 0, 0.01000000, 1975, 0, 0, '0.1', 'thirtyMin', 0.05000000, '2018-02-26 20:52:31', '2018-02-26 20:52:31'),
(132, 30, 'bittrex', 'BTC-XRP', 0, 0, 0.01000000, 1978, 0, 0, '0.1', 'thirtyMin', 0.05000000, '2018-02-26 20:53:42', '2018-02-26 20:53:42'),
(133, 30, 'bittrex', 'BTC-LSK', 0, 0, 0.01000000, 1984, 0, 0, '0.1', 'hour', 0.05000000, '2018-02-26 20:55:09', '2018-02-26 20:55:09'),
(134, 30, 'bittrex', 'BTC-LTC', 1, 0, 0.02000000, 1989, 0, 0, '0.1', 'hour', 0.05000000, '2018-02-26 20:56:04', '2018-02-26 20:56:04'),
(135, 30, 'bittrex', 'BTC-ADA', 0, 0, 0.01000000, 1992, 0, 0, '0.1', 'hour', 0.05000000, '2018-02-26 20:56:41', '2018-02-26 20:56:41'),
(136, 30, 'bittrex', 'BTC-ADA', 1, 1, 0.02000000, 1997, 0, 0, '0.1', 'hour', 0.05000000, '2018-02-26 20:57:13', '2018-02-26 20:57:13'),
(137, 31, 'bittrex', 'BTC-XVG', 1, 0, 0.02000000, 0, 0, 0, '0.1', 'thirtyMin', 0.05000000, '2018-02-26 22:30:38', '2018-02-26 22:30:38'),
(138, 31, 'bittrex', 'BTC-LTC', 0, 0, 0.03000000, 0, 0, 0, '0.1', 'Day', 0.05000000, '2018-02-26 22:31:27', '2018-02-26 22:31:27');

-- --------------------------------------------------------

--
-- Estrutura para tabela `migrations`
--

CREATE TABLE `migrations` (
  `id` int(10) UNSIGNED NOT NULL,
  `migration` varchar(255) COLLATE utf8mb4_unicode_ci NOT NULL,
  `batch` int(11) NOT NULL
) ENGINE=InnoDB DEFAULT CHARSET=utf8mb4 COLLATE=utf8mb4_unicode_ci;

--
-- Fazendo dump de dados para tabela `migrations`
--

INSERT INTO `migrations` (`id`, `migration`, `batch`) VALUES
(1, '2014_10_12_000000_create_users_table', 1),
(2, '2014_10_12_100000_create_password_resets_table', 2),
(3, '2017_12_07_124621_create_table_transactions', 2),
(4, '2017_12_08_183609_create_bot_table', 3);

-- --------------------------------------------------------

--
-- Estrutura para tabela `password_resets`
--

CREATE TABLE `password_resets` (
  `email` varchar(255) COLLATE utf8mb4_unicode_ci NOT NULL,
  `token` varchar(255) COLLATE utf8mb4_unicode_ci NOT NULL,
  `created_at` timestamp NULL DEFAULT NULL
) ENGINE=InnoDB DEFAULT CHARSET=utf8mb4 COLLATE=utf8mb4_unicode_ci;

-- --------------------------------------------------------

--
-- Estrutura para tabela `transactions`
--

CREATE TABLE `transactions` (
  `id` int(10) UNSIGNED NOT NULL,
  `bot_id` int(5) NOT NULL,
  `buy_value` double(8,8) NOT NULL,
  `quantity` bigint(30) NOT NULL,
  `sell_value` double(8,8) NOT NULL,
  `selled` int(5) NOT NULL,
  `date_open` varchar(255) COLLATE utf8mb4_unicode_ci NOT NULL,
  `date_close` varchar(255) COLLATE utf8mb4_unicode_ci NOT NULL
) ENGINE=InnoDB DEFAULT CHARSET=utf8mb4 COLLATE=utf8mb4_unicode_ci;

--
-- Fazendo dump de dados para tabela `transactions`
--

INSERT INTO `transactions` (`id`, `bot_id`, `buy_value`, `quantity`, `sell_value`, `selled`, `date_open`, `date_close`) VALUES
(6, 46, 0.02100053, 5, 0.02110000, 1, '17/02/18-11:28:52', '17/02/18-11:31:31'),
(10, 46, 0.02110000, 5, 0.02097000, 1, '17/02/18-11:31:46', '17/02/18-11:34:48'),
(14, 46, 0.02096099, 5, 0.02110112, 1, '17/02/18-11:36:32', '17/02/18-11:47:27'),
(22, 46, 0.02096011, 5, 0.02099597, 1, '17/02/18-13:17:28', '17/02/18-14:39:09'),
(24, 46, 0.02087003, 5, 0.02098000, 1, '17/02/18-14:41:18', '17/02/18-14:54:31'),
(44, 59, 0.06700200, 1, 0.06750174, 1, '17/02/18-18:57:26', '17/02/18-19:14:51'),
(46, 59, 0.06700209, 1, 0.06725001, 1, '17/02/18-19:15:59', '17/02/18-19:50:31'),
(49, 58, 0.02102035, 5, 0.02100019, 1, '17/02/18-19:26:51', '17/02/18-19:28:10'),
(52, 46, 0.02102029, 5, 0.02114613, 1, '17/02/18-19:26:58', '17/02/18-19:28:10'),
(59, 59, 0.06700204, 1, 0.06711020, 1, '17/02/18-20:45:59', '17/02/18-21:06:19'),
(63, 58, 0.02097885, 5, 0.02061800, 1, '17/02/18-20:59:58', '17/02/18-21:31:55'),
(65, 46, 0.02094163, 5, 0.02061800, 1, '17/02/18-21:00:03', '17/02/18-21:31:54'),
(66, 59, 0.06700200, 1, 0.06650998, 1, '17/02/18-21:10:16', '18/02/18-00:26:18'),
(75, 58, 0.02061804, 5, 0.02078884, 1, '17/02/18-21:32:48', '17/02/18-22:02:20'),
(76, 46, 0.02061804, 5, 0.02079304, 1, '17/02/18-21:32:51', '17/02/18-22:02:22'),
(99, 58, 0.02054347, 5, 0.02049001, 1, '17/02/18-23:11:15', '17/02/18-23:58:05'),
(102, 46, 0.02054347, 5, 0.02088248, 1, '17/02/18-23:11:16', '18/02/18-00:33:24'),
(112, 46, 0.02051019, 5, 0.02063024, 1, '18/02/18-02:27:28', '18/02/18-03:14:48'),
(114, 58, 0.02034500, 5, 0.02061017, 1, '18/02/18-02:29:30', '18/02/18-03:14:27'),
(117, 59, 0.06523000, 2, 0.06646584, 1, '18/02/18-02:45:28', '18/02/18-03:52:58'),
(129, 59, 0.06523238, 2, 0.06623134, 1, '18/02/18-06:30:23', '18/02/18-07:40:30'),
(147, 59, 0.06571026, 2, 0.06585010, 1, '18/02/18-22:18:44', '18/02/18-22:28:10'),
(152, 59, 0.06523000, 2, 0.06568740, 1, '19/02/18-04:07:34', '19/02/18-14:20:35'),
(160, 58, 0.02043030, 5, 0.02040001, 1, '19/02/18-07:06:57', '19/02/18-07:10:49'),
(166, 70, 0.08604390, 1, 0.08567500, 1, '19/02/18-12:11:37', '19/02/18-14:28:52'),
(169, 58, 0.02014000, 5, 0.02014565, 1, '19/02/18-12:33:01', '19/02/18-14:18:31'),
(171, 46, 0.02014000, 5, 0.02014565, 1, '19/02/18-12:33:25', '19/02/18-14:18:33'),
(177, 59, 0.06563011, 2, 0.06563013, 1, '19/02/18-14:53:06', '19/02/18-14:53:36'),
(181, 59, 0.06568009, 2, 0.06568013, 1, '19/02/18-14:58:40', '19/02/18-14:59:13'),
(184, 70, 0.08485777, 1, 0.08403802, 1, '19/02/18-16:08:39', '19/02/18-20:32:06'),
(186, 58, 0.02001001, 5, 0.01940001, 1, '19/02/18-18:04:13', '19/02/18-22:18:07'),
(188, 46, 0.02001000, 5, 0.01940001, 1, '19/02/18-18:04:13', '19/02/18-22:18:08'),
(192, 59, 0.06460002, 2, 0.06372735, 1, '19/02/18-21:15:13', '20/02/18-05:41:21'),
(193, 70, 0.08314412, 1, 0.08300000, 1, '19/02/18-21:24:30', '20/02/18-06:10:10'),
(199, 58, 0.01938894, 5, 0.01951110, 1, '19/02/18-22:18:47', '20/02/18-01:10:59'),
(200, 46, 0.01938894, 5, 0.01951110, 1, '19/02/18-22:18:50', '20/02/18-01:11:01'),
(219, 46, 0.02097025, 5, 0.02110500, 1, '20/02/18-06:18:47', '20/02/18-06:53:13'),
(221, 58, 0.02097025, 5, 0.02128811, 1, '20/02/18-06:18:49', '20/02/18-07:28:25'),
(223, 70, 0.08219293, 1, 0.08139007, 1, '20/02/18-06:53:10', '20/02/18-12:31:40'),
(232, 70, 0.08140008, 1, 0.07860600, 1, '20/02/18-12:32:19', '20/02/18-20:31:30'),
(251, 70, 0.07860001, 1, 0.07846504, 1, '20/02/18-20:32:16', '20/02/18-20:35:58'),
(257, 59, 0.06016048, 2, 0.06084014, 1, '20/02/18-20:57:04', '20/02/18-21:05:46'),
(271, 59, 0.06133031, 2, 0.06165020, 1, '21/02/18-04:35:26', '21/02/18-06:00:09'),
(276, 59, 0.06280750, 2, 0.06280750, 1, '21/02/18-06:58:24', '21/02/18-06:58:29'),
(281, 58, 0.01979510, 5, 0.01975000, 1, '21/02/18-11:14:13', '21/02/18-14:18:36'),
(284, 46, 0.01979000, 5, 0.01975000, 1, '21/02/18-11:38:38', '21/02/18-14:18:36'),
(294, 70, 0.07796563, 1, 0.07967000, 1, '21/02/18-14:52:43', '21/02/18-18:12:01'),
(298, 76, 0.00001248, 8013, 0.00001277, 1, '21/02/18-19:19:06', '21/02/18-19:19:45'),
(300, 76, 0.00001260, 7937, 0.00001273, 1, '21/02/18-19:51:50', '21/02/18-19:57:55'),
(302, 75, 0.00001896, 5274, 0.00001937, 1, '21/02/18-20:31:54', '22/02/18-15:03:40'),
(304, 59, 0.06300001, 2, 0.06112975, 1, '21/02/18-20:35:36', '24/02/18-23:22:35'),
(308, 70, 0.08020199, 1, 0.08114999, 1, '21/02/18-22:29:36', '22/02/18-14:00:42'),
(317, 70, 0.08090002, 1, 0.08169145, 1, '22/02/18-14:52:56', '22/02/18-16:15:10'),
(318, 77, 0.01963001, 5, 0.01952265, 1, '22/02/18-14:54:14', '22/02/18-14:57:48'),
(319, 75, 0.00001801, 5552, 0.00001843, 1, '22/02/18-15:03:54', '22/02/18-15:04:55'),
(320, 75, 0.00001840, 5435, 0.00001822, 1, '22/02/18-15:10:46', '22/02/18-15:14:34'),
(321, 82, 0.00000063, 158730, 0.00000064, 1, '25/02/18-00:18:11', '25/02/18-04:15:10'),
(322, 75, 0.00001730, 5780, 0.00001760, 1, '25/02/18-00:44:17', '26/02/18-00:12:36'),
(323, 82, 0.00000063, 158730, 0.00000063, 1, '25/02/18-04:19:22', '25/02/18-04:19:24'),
(324, 74, 0.00000338, 29586, 0.00000340, 1, '25/02/18-04:31:43', '25/02/18-06:53:11'),
(325, 59, 0.06068007, 2, 0.06127250, 1, '25/02/18-04:31:52', '25/02/18-06:11:08'),
(326, 85, 0.00003093, 3233, 0.00003028, 1, '25/02/18-04:35:28', '25/02/18-06:25:55'),
(327, 82, 0.00000063, 158730, 0.00000063, 1, '25/02/18-04:35:46', '25/02/18-12:36:21'),
(329, 76, 0.00001298, 7704, 0.00001311, 1, '25/02/18-06:52:18', '25/02/18-07:55:05'),
(330, 83, 0.00000108, 92593, 0.00000102, 1, '25/02/18-07:29:12', '25/02/18-08:08:21'),
(331, 83, 0.00000102, 98039, 0.00000110, 1, '25/02/18-08:08:24', '25/02/18-08:56:41'),
(332, 94, 0.00000063, 158730, 0.00000063, 1, '25/02/18-12:01:57', '25/02/18-12:36:21'),
(333, 83, 0.00000102, 98039, 0.00000103, 1, '25/02/18-12:06:16', '25/02/18-15:43:16'),
(334, 96, 0.02795000, 4, 0.02798179, 1, '25/02/18-12:32:55', '25/02/18-12:49:06'),
(336, 82, 0.00000063, 158730, 0.00000063, 1, '25/02/18-12:36:52', '25/02/18-14:53:19'),
(337, 94, 0.00000063, 158730, 0.00000063, 1, '25/02/18-12:36:54', '25/02/18-15:11:02'),
(338, 85, 0.00003101, 3225, 0.00003080, 1, '25/02/18-14:18:09', '25/02/18-14:54:12'),
(339, 70, 0.08830000, 11, 0.08830000, 1, '25/02/18-14:29:59', '25/02/18-14:31:58'),
(340, 82, 0.00000063, 158730, 0.00000063, 1, '25/02/18-14:53:50', '25/02/18-15:11:01'),
(341, 82, 0.00000063, 158730, 0.00000063, 1, '25/02/18-15:11:33', '25/02/18-20:32:13'),
(342, 94, 0.00000063, 158730, 0.00000063, 1, '25/02/18-15:11:34', '25/02/18-20:32:12'),
(343, 97, 0.01135071, 9, 0.01150001, 1, '25/02/18-15:38:02', '25/02/18-18:55:27'),
(344, 103, 0.02230001, 4, 0.02238251, 1, '25/02/18-16:08:43', '25/02/18-16:17:27'),
(345, 104, 0.02230001, 4, 0.02238251, 1, '25/02/18-16:08:46', '25/02/18-16:17:25'),
(346, 102, 0.02230001, 4, 0.02238251, 1, '25/02/18-16:08:46', '25/02/18-16:17:27'),
(347, 102, 0.02234249, 4, 0.02231000, 1, '25/02/18-16:31:16', '25/02/18-16:47:46'),
(348, 104, 0.02228003, 4, 0.02231000, 1, '25/02/18-16:31:17', '25/02/18-16:47:47'),
(349, 103, 0.02228003, 4, 0.02231000, 1, '25/02/18-16:31:17', '25/02/18-16:47:47'),
(350, 102, 0.02231999, 4, 0.02234004, 1, '25/02/18-17:16:20', '25/02/18-17:21:20'),
(351, 104, 0.02231999, 4, 0.02234004, 1, '25/02/18-17:16:20', '25/02/18-17:21:20'),
(352, 103, 0.02231999, 4, 0.02231784, 1, '25/02/18-17:16:21', '25/02/18-17:21:19'),
(353, 104, 0.02250000, 4, 0.02248001, 1, '25/02/18-18:06:44', '25/02/18-18:10:50'),
(354, 102, 0.02247978, 4, 0.02248301, 1, '25/02/18-18:06:44', '25/02/18-18:10:58'),
(355, 103, 0.02247978, 4, 0.02248001, 1, '25/02/18-18:06:45', '25/02/18-18:10:50'),
(356, 103, 0.02302300, 4, 0.02295000, 1, '25/02/18-19:29:08', '25/02/18-19:37:33'),
(357, 102, 0.02291275, 4, 0.02295000, 1, '25/02/18-19:29:08', '25/02/18-19:37:33'),
(358, 104, 0.02291275, 4, 0.02302300, 1, '25/02/18-19:29:09', '25/02/18-19:37:34'),
(359, 102, 0.02290268, 4, 0.02253100, 1, '25/02/18-19:52:51', '25/02/18-20:06:51'),
(360, 104, 0.02288943, 4, 0.02262891, 1, '25/02/18-19:52:52', '25/02/18-20:06:52'),
(361, 103, 0.02288943, 4, 0.02262891, 1, '25/02/18-19:52:53', '25/02/18-20:06:54'),
(362, 102, 0.02253749, 4, 0.02258000, 1, '25/02/18-20:23:11', '25/02/18-20:32:07'),
(363, 103, 0.02250001, 4, 0.02258001, 1, '25/02/18-20:23:13', '25/02/18-20:32:27'),
(364, 104, 0.02250001, 4, 0.02258000, 1, '25/02/18-20:23:13', '25/02/18-20:32:07'),
(365, 97, 0.01144621, 9, 0.01150800, 1, '25/02/18-20:31:32', '25/02/18-21:31:19'),
(366, 83, 0.00000105, 95238, 0.00000107, 1, '25/02/18-20:31:36', '25/02/18-21:56:08'),
(367, 82, 0.00000063, 158730, 0.00000064, 1, '25/02/18-20:32:44', '25/02/18-21:28:52'),
(368, 94, 0.00000063, 158730, 0.00000064, 1, '25/02/18-20:32:45', '25/02/18-21:28:52'),
(369, 99, 0.00003388, 2952, 0.00003318, 1, '25/02/18-20:36:08', '26/02/18-00:33:04'),
(370, 104, 0.02296284, 4, 0.02280016, 1, '25/02/18-21:31:13', '25/02/18-21:35:20'),
(371, 103, 0.02296284, 4, 0.02303954, 1, '25/02/18-21:31:13', '25/02/18-21:35:21'),
(372, 102, 0.02293500, 4, 0.02280016, 1, '25/02/18-21:31:15', '25/02/18-21:35:20'),
(373, 102, 0.02303954, 4, 0.02282502, 1, '25/02/18-21:35:21', '25/02/18-22:02:01'),
(374, 104, 0.02303954, 4, 0.02282502, 1, '25/02/18-21:35:21', '25/02/18-22:02:03'),
(375, 103, 0.02280016, 4, 0.02282502, 1, '25/02/18-21:35:23', '25/02/18-22:02:02'),
(376, 107, 0.00009361, 1068, 0.00009324, 1, '25/02/18-22:16:36', '26/02/18-00:24:19'),
(377, 74, 0.00000353, 28329, 0.00000357, 1, '25/02/18-22:18:37', '25/02/18-23:25:00'),
(378, 59, 0.06185000, 2, 0.06185000, 1, '25/02/18-22:19:12', '25/02/18-22:23:43'),
(379, 108, 0.00000606, 16502, 0.00000603, 1, '25/02/18-22:29:45', '26/02/18-01:07:39'),
(380, 85, 0.00003136, 3189, 0.00003089, 1, '25/02/18-22:29:48', '25/02/18-22:55:46'),
(381, 59, 0.06173902, 2, 0.06194970, 1, '25/02/18-22:52:39', '25/02/18-22:55:22'),
(382, 97, 0.01140523, 9, 0.01149846, 1, '25/02/18-22:58:01', '26/02/18-03:33:05'),
(383, 59, 0.06173901, 2, 0.06193993, 1, '25/02/18-22:58:29', '26/02/18-01:04:07'),
(384, 95, 0.06119034, 2, 0.06169372, 1, '25/02/18-23:11:25', '26/02/18-00:45:43'),
(385, 94, 0.00000064, 156250, 0.00000064, 1, '25/02/18-23:11:25', '25/02/18-23:12:28'),
(386, 82, 0.00000064, 156250, 0.00000064, 1, '25/02/18-23:11:27', '25/02/18-23:12:29'),
(387, 102, 0.02350001, 4, 0.02350000, 1, '25/02/18-23:37:21', '26/02/18-00:22:24'),
(388, 104, 0.02350001, 4, 0.02350000, 1, '25/02/18-23:37:21', '26/02/18-00:22:25'),
(389, 104, 0.02340000, 4, 0.02360108, 1, '26/02/18-00:32:00', '26/02/18-00:33:05'),
(390, 102, 0.02340000, 4, 0.02360108, 1, '26/02/18-00:32:01', '26/02/18-00:33:05'),
(391, 103, 0.02340000, 4, 0.02360108, 1, '26/02/18-00:32:01', '26/02/18-00:33:05'),
(392, 102, 0.02340001, 4, 0.02333136, 1, '26/02/18-00:40:05', '26/02/18-00:41:52'),
(393, 104, 0.02340001, 4, 0.02341000, 1, '26/02/18-00:40:05', '26/02/18-00:41:53'),
(394, 103, 0.02340000, 4, 0.02341000, 1, '26/02/18-00:40:07', '26/02/18-00:41:52'),
(395, 104, 0.02339058, 4, 0.02344900, 1, '26/02/18-00:43:08', '26/02/18-00:43:10'),
(396, 102, 0.02339058, 4, 0.02344900, 1, '26/02/18-00:43:08', '26/02/18-00:43:10'),
(397, 102, 0.02336323, 4, 0.02342899, 1, '26/02/18-00:45:04', '26/02/18-00:46:09'),
(398, 104, 0.02336323, 4, 0.02344980, 1, '26/02/18-00:45:04', '26/02/18-00:46:09'),
(399, 103, 0.02336323, 4, 0.02344980, 1, '26/02/18-00:45:05', '26/02/18-00:46:10'),
(400, 96, 0.02850000, 4, 0.02874340, 1, '26/02/18-01:25:37', '26/02/18-02:55:50'),
(401, 75, 0.00001673, 5977, 0.00001670, 1, '26/02/18-01:36:18', '26/02/18-04:43:26'),
(402, 103, 0.02365507, 4, 0.02354633, 1, '26/02/18-01:46:56', '26/02/18-02:04:57'),
(403, 102, 0.02365507, 4, 0.02359994, 1, '26/02/18-01:46:56', '26/02/18-02:04:58'),
(404, 104, 0.02360200, 4, 0.02359994, 1, '26/02/18-01:46:57', '26/02/18-02:04:58'),
(405, 119, 0.00006060, 1650, 0.00006069, 1, '26/02/18-01:54:58', '26/02/18-02:11:17'),
(406, 104, 0.02350499, 4, 0.02325668, 1, '26/02/18-02:10:52', '26/02/18-02:32:27'),
(407, 102, 0.02350499, 4, 0.02325668, 1, '26/02/18-02:10:53', '26/02/18-02:32:27'),
(408, 103, 0.02350499, 4, 0.02327155, 1, '26/02/18-02:10:54', '26/02/18-02:32:28'),
(409, 114, 0.02340000, 4, 0.02222111, 1, '26/02/18-02:16:46', '26/02/18-10:30:42'),
(410, 82, 0.00000063, 158730, 0.00000063, 1, '26/02/18-02:28:37', '26/02/18-02:33:48'),
(411, 94, 0.00000062, 161290, 0.00000063, 1, '26/02/18-02:28:37', '26/02/18-02:33:48'),
(412, 113, 0.00000062, 161290, 0.00000063, 1, '26/02/18-02:28:37', '26/02/18-02:28:52'),
(413, 113, 0.00000062, 161290, 0.00000063, 1, '26/02/18-02:29:03', '26/02/18-02:29:08'),
(414, 113, 0.00000062, 161290, 0.00000063, 1, '26/02/18-02:29:51', '26/02/18-02:29:52'),
(415, 113, 0.00000062, 161290, 0.00000063, 1, '26/02/18-02:30:06', '26/02/18-02:30:43'),
(416, 113, 0.00000062, 161290, 0.00000063, 1, '26/02/18-02:30:51', '26/02/18-02:30:58'),
(417, 113, 0.00000062, 161290, 0.00000063, 1, '26/02/18-02:31:22', '26/02/18-02:32:15'),
(418, 94, 0.00000063, 158730, 0.00000064, 1, '26/02/18-02:35:01', '26/02/18-02:35:09'),
(419, 82, 0.00000062, 161290, 0.00000062, 1, '26/02/18-02:35:02', '26/02/18-02:35:07'),
(420, 113, 0.00000062, 161290, 0.00000064, 1, '26/02/18-02:35:02', '26/02/18-02:35:07'),
(421, 94, 0.00000064, 156250, 0.00000062, 1, '26/02/18-02:35:26', '26/02/18-02:36:25'),
(422, 113, 0.00000062, 161290, 0.00000064, 1, '26/02/18-02:35:27', '26/02/18-02:36:26'),
(423, 82, 0.00000062, 161290, 0.00000064, 1, '26/02/18-02:35:28', '26/02/18-02:36:26'),
(424, 113, 0.00000062, 161290, 0.00000063, 1, '26/02/18-02:41:45', '26/02/18-02:41:46'),
(425, 94, 0.00000062, 161290, 0.00000064, 1, '26/02/18-02:41:45', '26/02/18-02:48:42'),
(426, 113, 0.00000063, 158730, 0.00000064, 1, '26/02/18-02:43:01', '26/02/18-02:48:40'),
(427, 82, 0.00000062, 161290, 0.00000064, 1, '26/02/18-02:43:02', '26/02/18-02:48:41'),
(428, 102, 0.02319957, 4, 0.02320000, 1, '26/02/18-02:43:47', '26/02/18-02:54:26'),
(429, 104, 0.02310000, 4, 0.02320000, 1, '26/02/18-02:43:48', '26/02/18-02:54:26'),
(430, 103, 0.02310000, 4, 0.02319492, 1, '26/02/18-02:43:50', '26/02/18-02:54:25'),
(431, 108, 0.00000596, 16779, 0.00000602, 1, '26/02/18-02:57:48', '26/02/18-04:33:10'),
(432, 99, 0.00003277, 3052, 0.00003284, 1, '26/02/18-03:13:31', '26/02/18-04:09:37'),
(433, 102, 0.02308000, 4, 0.02283000, 1, '26/02/18-03:14:23', '26/02/18-03:30:01'),
(434, 103, 0.02308000, 4, 0.02283000, 1, '26/02/18-03:14:23', '26/02/18-03:30:01'),
(435, 104, 0.02308000, 4, 0.02283000, 1, '26/02/18-03:14:23', '26/02/18-03:29:59'),
(436, 103, 0.02273531, 4, 0.02283000, 1, '26/02/18-03:30:27', '26/02/18-03:30:36'),
(437, 102, 0.02273531, 4, 0.02283000, 1, '26/02/18-03:30:27', '26/02/18-03:30:36'),
(438, 104, 0.02273531, 4, 0.02283000, 1, '26/02/18-03:30:29', '26/02/18-03:30:34'),
(439, 104, 0.02283001, 4, 0.02283017, 1, '26/02/18-03:41:39', '26/02/18-03:47:25'),
(440, 102, 0.02283001, 4, 0.02290000, 1, '26/02/18-03:41:39', '26/02/18-03:47:20'),
(441, 119, 0.00006060, 1650, 0.00006037, 1, '26/02/18-04:09:06', '26/02/18-05:00:16'),
(442, 99, 0.00003256, 3071, 0.00003278, 1, '26/02/18-04:14:22', '26/02/18-05:01:45'),
(443, 117, 0.00034300, 292, 0.00034300, 1, '26/02/18-04:29:12', '26/02/18-04:31:26'),
(444, 85, 0.00003058, 3270, 0.00003051, 1, '26/02/18-04:31:30', '26/02/18-06:48:16'),
(445, 108, 0.00000595, 16807, 0.00000600, 1, '26/02/18-04:34:42', '26/02/18-05:02:34'),
(446, 82, 0.00000064, 156250, 0.00000064, 1, '26/02/18-04:36:06', '26/02/18-04:38:07'),
(447, 94, 0.00000064, 156250, 0.00000064, 1, '26/02/18-04:36:07', '26/02/18-04:38:08'),
(448, 113, 0.00000064, 156250, 0.00000000, 0, '26/02/18-04:36:07', '-'),
(449, 94, 0.00000062, 161290, 0.00000063, 1, '26/02/18-04:43:34', '26/02/18-04:51:23'),
(450, 82, 0.00000062, 161290, 0.00000063, 1, '26/02/18-04:43:36', '26/02/18-04:51:16'),
(451, 104, 0.02300000, 4, 0.02319998, 1, '26/02/18-05:06:31', '26/02/18-05:09:10'),
(452, 102, 0.02300000, 4, 0.02310050, 1, '26/02/18-05:06:31', '26/02/18-05:09:08'),
(453, 103, 0.02300000, 4, 0.02319998, 1, '26/02/18-05:06:32', '26/02/18-05:09:10'),
(454, 82, 0.00000063, 158730, 0.00000063, 1, '26/02/18-05:09:28', '26/02/18-05:50:59'),
(455, 94, 0.00000062, 161290, 0.00000063, 1, '26/02/18-05:09:30', '26/02/18-05:50:59'),
(456, 104, 0.02310050, 4, 0.02296809, 1, '26/02/18-05:10:00', '26/02/18-05:15:59'),
(457, 102, 0.02297776, 4, 0.02296007, 1, '26/02/18-05:10:01', '26/02/18-05:15:53'),
(458, 103, 0.02310050, 4, 0.02313988, 1, '26/02/18-05:10:08', '26/02/18-05:15:55'),
(459, 104, 0.02295804, 4, 0.02295000, 1, '26/02/18-05:18:47', '26/02/18-05:33:20'),
(460, 102, 0.02295804, 4, 0.02295000, 1, '26/02/18-05:18:47', '26/02/18-05:33:18'),
(461, 103, 0.02286121, 4, 0.02295000, 1, '26/02/18-05:18:50', '26/02/18-05:33:20'),
(462, 116, 0.00041274, 242, 0.00041965, 1, '26/02/18-05:22:34', '26/02/18-06:22:02'),
(463, 99, 0.00003249, 3078, 0.00003285, 1, '26/02/18-05:35:42', '26/02/18-07:11:44'),
(464, 96, 0.02800306, 4, 0.02835425, 1, '26/02/18-06:04:53', '26/02/18-06:18:25'),
(465, 119, 0.00006031, 1658, 0.00006089, 1, '26/02/18-06:12:02', '26/02/18-06:42:29'),
(466, 74, 0.00000345, 28986, 0.00000346, 1, '26/02/18-06:18:01', '26/02/18-10:02:59'),
(468, 96, 0.02835378, 4, 0.02819740, 1, '26/02/18-06:19:57', '26/02/18-07:35:17'),
(469, 103, 0.02305000, 4, 0.02300000, 1, '26/02/18-06:19:59', '26/02/18-06:28:04'),
(470, 102, 0.02299000, 4, 0.02300000, 1, '26/02/18-06:20:00', '26/02/18-06:28:02'),
(471, 104, 0.02299000, 4, 0.02300000, 1, '26/02/18-06:20:01', '26/02/18-06:28:02'),
(472, 103, 0.02288072, 4, 0.02300000, 1, '26/02/18-06:29:22', '26/02/18-06:29:27'),
(473, 95, 0.06139878, 2, 0.06047371, 1, '26/02/18-06:29:45', '26/02/18-14:35:02'),
(474, 76, 0.00001334, 7496, 0.00000000, 0, '26/02/18-06:30:06', '-'),
(475, 104, 0.02300000, 4, 0.02299998, 1, '26/02/18-06:31:12', '26/02/18-06:32:51'),
(476, 103, 0.02288144, 4, 0.02300000, 1, '26/02/18-06:31:13', '26/02/18-06:32:52'),
(477, 108, 0.00000587, 17036, 0.00000591, 1, '26/02/18-06:40:53', '26/02/18-06:41:12'),
(478, 111, 0.06115004, 2, 0.06115004, 1, '26/02/18-06:52:58', '26/02/18-06:53:33'),
(479, 97, 0.01174209, 9, 0.01179888, 1, '26/02/18-06:53:26', '26/02/18-07:37:27'),
(480, 103, 0.02287000, 4, 0.02287000, 1, '26/02/18-06:56:25', '26/02/18-07:06:34'),
(481, 102, 0.02287000, 4, 0.02287000, 1, '26/02/18-06:56:35', '26/02/18-07:06:32'),
(482, 104, 0.02287000, 4, 0.02287000, 1, '26/02/18-06:56:48', '26/02/18-07:06:32'),
(483, 94, 0.00000064, 156250, 0.00000064, 1, '26/02/18-06:57:58', '26/02/18-06:58:29'),
(484, 82, 0.00000064, 156250, 0.00000064, 1, '26/02/18-06:58:00', '26/02/18-06:58:31'),
(485, 75, 0.00001664, 6010, 0.00001670, 1, '26/02/18-06:58:23', '26/02/18-08:15:01'),
(486, 107, 0.00009301, 1075, 0.00009318, 1, '26/02/18-07:11:23', '26/02/18-08:33:53'),
(487, 116, 0.00041272, 242, 0.00041562, 1, '26/02/18-07:28:28', '26/02/18-07:48:02'),
(488, 99, 0.00003238, 3088, 0.00003238, 1, '26/02/18-07:53:49', '26/02/18-09:25:15'),
(489, 116, 0.00041272, 242, 0.00041402, 1, '26/02/18-07:54:39', '26/02/18-09:03:25'),
(490, 104, 0.02325000, 4, 0.02325000, 1, '26/02/18-08:08:16', '26/02/18-08:10:04'),
(491, 103, 0.02318510, 4, 0.02325000, 1, '26/02/18-08:08:18', '26/02/18-08:10:04'),
(492, 102, 0.02318510, 4, 0.02325000, 1, '26/02/18-08:08:18', '26/02/18-08:10:04'),
(493, 103, 0.02324880, 4, 0.02334991, 1, '26/02/18-08:10:52', '26/02/18-08:12:07'),
(494, 104, 0.02319606, 4, 0.02334991, 1, '26/02/18-08:10:55', '26/02/18-08:12:08'),
(495, 102, 0.02319606, 4, 0.02334991, 1, '26/02/18-08:10:58', '26/02/18-08:12:07'),
(496, 94, 0.00000062, 161290, 0.00000064, 1, '26/02/18-08:20:27', '26/02/18-08:28:39'),
(497, 82, 0.00000062, 161290, 0.00000064, 1, '26/02/18-08:20:28', '26/02/18-08:28:39'),
(498, 119, 0.00006000, 1667, 0.00006006, 1, '26/02/18-08:23:38', '26/02/18-08:33:19'),
(499, 102, 0.02324302, 4, 0.02341999, 1, '26/02/18-08:41:32', '26/02/18-08:46:03'),
(500, 103, 0.02324302, 4, 0.02341999, 1, '26/02/18-08:41:33', '26/02/18-08:46:02'),
(501, 104, 0.02324302, 4, 0.02341999, 1, '26/02/18-08:41:34', '26/02/18-08:46:03'),
(502, 82, 0.00000063, 158730, 0.00000063, 1, '26/02/18-08:52:01', '26/02/18-08:52:48'),
(503, 94, 0.00000062, 161290, 0.00000063, 1, '26/02/18-08:52:01', '26/02/18-08:52:39'),
(504, 59, 0.06127995, 2, 0.06047371, 1, '26/02/18-08:53:36', '26/02/18-16:03:37'),
(505, 94, 0.00000064, 156250, 0.00000062, 1, '26/02/18-08:53:50', '26/02/18-09:15:44'),
(506, 82, 0.00000062, 161290, 0.00000064, 1, '26/02/18-08:53:50', '26/02/18-09:15:46'),
(507, 103, 0.02322382, 4, 0.02321380, 1, '26/02/18-09:06:18', '26/02/18-09:15:12'),
(508, 102, 0.02319615, 4, 0.02321380, 1, '26/02/18-09:06:19', '26/02/18-09:15:19'),
(509, 104, 0.02319615, 4, 0.02321380, 1, '26/02/18-09:06:19', '26/02/18-09:15:11'),
(510, 94, 0.00000062, 161290, 0.00000063, 1, '26/02/18-09:17:43', '26/02/18-09:25:03'),
(511, 82, 0.00000062, 161290, 0.00000064, 1, '26/02/18-09:17:43', '26/02/18-09:25:04'),
(512, 104, 0.02312639, 4, 0.02309000, 1, '26/02/18-09:22:45', '26/02/18-09:31:09'),
(513, 102, 0.02312639, 4, 0.02301780, 1, '26/02/18-09:22:46', '26/02/18-09:31:08'),
(514, 103, 0.02310156, 4, 0.02309000, 1, '26/02/18-09:22:46', '26/02/18-09:31:10'),
(515, 82, 0.00000063, 158730, 0.00000064, 1, '26/02/18-09:31:25', '26/02/18-09:31:30'),
(516, 94, 0.00000062, 161290, 0.00000062, 1, '26/02/18-09:31:27', '26/02/18-09:31:29'),
(517, 104, 0.02301780, 4, 0.02301995, 1, '26/02/18-09:31:36', '26/02/18-09:40:18'),
(518, 103, 0.02301780, 4, 0.02308990, 1, '26/02/18-09:31:36', '26/02/18-09:40:20'),
(519, 102, 0.02301780, 4, 0.02308990, 1, '26/02/18-09:31:37', '26/02/18-09:40:19'),
(520, 94, 0.00000063, 158730, 0.00000064, 1, '26/02/18-09:37:57', '26/02/18-09:42:47'),
(521, 82, 0.00000062, 161290, 0.00000064, 1, '26/02/18-09:37:58', '26/02/18-09:42:48'),
(522, 91, 0.00000104, 336538, 0.00000102, 1, '26/02/18-09:47:07', '26/02/18-12:04:56'),
(523, 112, 0.00000103, 97087, 0.00000097, 1, '26/02/18-09:47:09', '26/02/18-12:45:55'),
(524, 83, 0.00000104, 96154, 0.00000098, 1, '26/02/18-09:47:11', '26/02/18-11:15:15'),
(525, 102, 0.02308000, 4, 0.02308796, 1, '26/02/18-09:51:41', '26/02/18-09:57:12'),
(526, 103, 0.02308000, 4, 0.02308796, 1, '26/02/18-09:51:41', '26/02/18-09:57:12'),
(527, 104, 0.02308000, 4, 0.02310000, 1, '26/02/18-09:51:41', '26/02/18-09:57:13'),
(528, 107, 0.00009193, 1088, 0.00009177, 1, '26/02/18-10:01:23', '26/02/18-12:19:01'),
(529, 102, 0.02301780, 4, 0.02214999, 1, '26/02/18-10:01:48', '26/02/18-10:40:08'),
(530, 103, 0.02301780, 4, 0.02214500, 1, '26/02/18-10:01:49', '26/02/18-10:40:05'),
(531, 104, 0.02301780, 4, 0.02214999, 1, '26/02/18-10:01:50', '26/02/18-10:40:08'),
(532, 70, 0.08750999, 11, 0.08538200, 1, '26/02/18-10:03:54', '26/02/18-12:31:30'),
(533, 99, 0.00003209, 3116, 0.00003190, 1, '26/02/18-10:04:10', '26/02/18-12:13:35'),
(534, 87, 0.02272967, 4, 0.02158549, 1, '26/02/18-10:07:45', '26/02/18-13:13:54'),
(535, 84, 0.02270000, 4, 0.02150500, 1, '26/02/18-10:07:46', '26/02/18-13:14:13'),
(536, 86, 0.02270000, 4, 0.02150500, 1, '26/02/18-10:07:46', '26/02/18-13:14:14'),
(537, 105, 0.02270001, 4, 0.02150500, 1, '26/02/18-10:07:47', '26/02/18-13:14:14'),
(538, 96, 0.02800305, 4, 0.02810000, 1, '26/02/18-10:08:57', '26/02/18-14:08:31'),
(539, 82, 0.00000063, 158730, 0.00000064, 1, '26/02/18-10:09:30', '26/02/18-10:10:05'),
(540, 94, 0.00000062, 161290, 0.00000063, 1, '26/02/18-10:09:31', '26/02/18-10:10:03'),
(541, 82, 0.00000062, 161290, 0.00000063, 1, '26/02/18-10:16:42', '26/02/18-11:33:33'),
(542, 94, 0.00000062, 161290, 0.00000063, 1, '26/02/18-10:17:43', '26/02/18-11:33:31'),
(543, 97, 0.01138000, 9, 0.01132483, 1, '26/02/18-10:17:54', '26/02/18-13:54:29'),
(544, 119, 0.00006029, 1659, 0.00006000, 1, '26/02/18-10:24:25', '26/02/18-10:43:11'),
(545, 58, 0.02223300, 4, 0.02154842, 1, '26/02/18-10:30:18', '26/02/18-14:53:07'),
(546, 73, 0.02223300, 4, 0.02110800, 1, '26/02/18-10:30:19', '26/02/18-16:35:45'),
(547, 77, 0.02223300, 4, 0.02154842, 1, '26/02/18-10:30:20', '26/02/18-14:53:07'),
(548, 46, 0.02223300, 43, 0.02154799, 1, '26/02/18-10:30:21', '26/02/18-14:53:09'),
(549, 114, 0.02222111, 5, 0.02110800, 1, '26/02/18-10:30:44', '26/02/18-16:35:44'),
(550, 116, 0.00041001, 244, 0.00041000, 1, '26/02/18-10:36:08', '26/02/18-11:05:55'),
(551, 74, 0.00000341, 29326, 0.00000345, 1, '26/02/18-10:41:27', '26/02/18-15:16:07'),
(552, 119, 0.00006000, 1667, 0.00005991, 1, '26/02/18-10:43:25', '26/02/18-10:44:38'),
(553, 103, 0.02204654, 5, 0.02200000, 1, '26/02/18-11:06:12', '26/02/18-11:22:12'),
(554, 102, 0.02204654, 5, 0.02200000, 1, '26/02/18-11:06:12', '26/02/18-11:22:12'),
(555, 104, 0.02204654, 5, 0.02180000, 1, '26/02/18-11:06:12', '26/02/18-11:22:10'),
(556, 83, 0.00000098, 102041, 0.00000102, 1, '26/02/18-11:15:17', '26/02/18-12:04:56'),
(557, 116, 0.00041000, 244, 0.00041000, 1, '26/02/18-11:27:30', '26/02/18-11:54:00'),
(558, 94, 0.00000063, 158730, 0.00000063, 1, '26/02/18-11:36:38', '26/02/18-11:36:43'),
(559, 82, 0.00000062, 161290, 0.00000062, 1, '26/02/18-11:36:40', '26/02/18-11:36:42'),
(560, 94, 0.00000063, 158730, 0.00000062, 1, '26/02/18-11:36:58', '26/02/18-11:38:03'),
(561, 82, 0.00000062, 161290, 0.00000062, 1, '26/02/18-11:36:59', '26/02/18-11:38:02'),
(562, 94, 0.00000062, 161290, 0.00000063, 1, '26/02/18-11:38:14', '26/02/18-11:39:13'),
(563, 82, 0.00000062, 161290, 0.00000063, 1, '26/02/18-11:38:16', '26/02/18-11:39:12'),
(564, 94, 0.00000063, 158730, 0.00000062, 1, '26/02/18-11:39:18', '26/02/18-11:39:21'),
(565, 82, 0.00000062, 161290, 0.00000063, 1, '26/02/18-11:39:20', '26/02/18-11:39:22'),
(566, 94, 0.00000063, 158730, 0.00000063, 1, '26/02/18-11:39:23', '26/02/18-11:41:40'),
(567, 82, 0.00000062, 161290, 0.00000063, 1, '26/02/18-11:39:24', '26/02/18-11:41:41'),
(568, 94, 0.00000062, 161290, 0.00000062, 1, '26/02/18-11:42:59', '26/02/18-11:44:37'),
(569, 82, 0.00000062, 161290, 0.00000063, 1, '26/02/18-11:42:59', '26/02/18-11:44:39'),
(570, 102, 0.02186002, 5, 0.02181206, 1, '26/02/18-11:45:57', '26/02/18-11:55:34'),
(571, 82, 0.00000063, 158730, 0.00000062, 1, '26/02/18-11:45:57', '26/02/18-11:45:59'),
(572, 104, 0.02186002, 5, 0.02177510, 1, '26/02/18-11:45:57', '26/02/18-11:55:39'),
(573, 94, 0.00000063, 158730, 0.00000063, 1, '26/02/18-11:45:57', '26/02/18-11:45:59'),
(574, 103, 0.02178179, 5, 0.02181206, 1, '26/02/18-11:45:59', '26/02/18-11:55:35'),
(575, 94, 0.00000063, 158730, 0.00000062, 1, '26/02/18-11:46:54', '26/02/18-11:47:23'),
(576, 82, 0.00000062, 161290, 0.00000063, 1, '26/02/18-11:46:55', '26/02/18-11:47:24'),
(577, 94, 0.00000063, 158730, 0.00000062, 1, '26/02/18-11:47:34', '26/02/18-11:48:20'),
(578, 82, 0.00000062, 161290, 0.00000062, 1, '26/02/18-11:47:35', '26/02/18-11:48:21'),
(579, 94, 0.00000063, 158730, 0.00000063, 1, '26/02/18-11:48:22', '26/02/18-11:49:06'),
(580, 82, 0.00000062, 161290, 0.00000062, 1, '26/02/18-11:48:23', '26/02/18-11:49:08'),
(581, 82, 0.00000062, 161290, 0.00000062, 1, '26/02/18-11:50:02', '26/02/18-11:50:58'),
(582, 94, 0.00000062, 161290, 0.00000062, 1, '26/02/18-11:50:02', '26/02/18-11:51:01'),
(583, 82, 0.00000062, 161290, 0.00000062, 1, '26/02/18-11:51:15', '26/02/18-11:54:06'),
(584, 94, 0.00000062, 161290, 0.00000063, 1, '26/02/18-11:51:18', '26/02/18-11:54:07'),
(585, 82, 0.00000062, 161290, 0.00000063, 1, '26/02/18-11:55:12', '26/02/18-11:55:17'),
(586, 94, 0.00000062, 161290, 0.00000063, 1, '26/02/18-11:55:12', '26/02/18-11:55:17'),
(587, 94, 0.00000062, 161290, 0.00000063, 1, '26/02/18-11:55:31', '26/02/18-11:56:27'),
(588, 82, 0.00000063, 158730, 0.00000063, 1, '26/02/18-11:55:39', '26/02/18-11:56:26'),
(589, 94, 0.00000063, 158730, 0.00000063, 1, '26/02/18-11:56:38', '26/02/18-11:56:43'),
(590, 82, 0.00000062, 161290, 0.00000063, 1, '26/02/18-11:56:38', '26/02/18-11:56:40'),
(591, 94, 0.00000062, 161290, 0.00000063, 1, '26/02/18-11:56:57', '26/02/18-11:57:11'),
(592, 82, 0.00000062, 161290, 0.00000063, 1, '26/02/18-11:56:58', '26/02/18-11:57:12'),
(593, 94, 0.00000063, 158730, 0.00000063, 1, '26/02/18-11:57:31', '26/02/18-11:57:42'),
(594, 82, 0.00000062, 161290, 0.00000063, 1, '26/02/18-11:57:31', '26/02/18-11:57:43'),
(595, 94, 0.00000063, 158730, 0.00000063, 1, '26/02/18-11:57:47', '26/02/18-11:59:06'),
(596, 82, 0.00000063, 158730, 0.00000062, 1, '26/02/18-11:57:48', '26/02/18-11:59:07'),
(597, 82, 0.00000063, 158730, 0.00000063, 1, '26/02/18-11:59:24', '26/02/18-11:59:32'),
(598, 94, 0.00000062, 161290, 0.00000063, 1, '26/02/18-11:59:26', '26/02/18-11:59:31'),
(599, 94, 0.00000062, 161290, 0.00000063, 1, '26/02/18-12:00:57', '26/02/18-12:02:07'),
(600, 82, 0.00000062, 161290, 0.00000062, 1, '26/02/18-12:00:59', '26/02/18-12:02:07'),
(601, 94, 0.00000062, 161290, 0.00000063, 1, '26/02/18-12:03:01', '26/02/18-12:05:24'),
(602, 82, 0.00000062, 161290, 0.00000063, 1, '26/02/18-12:03:03', '26/02/18-12:05:26'),
(603, 82, 0.00000062, 161290, 0.00000063, 1, '26/02/18-12:06:09', '26/02/18-12:06:35'),
(604, 94, 0.00000062, 161290, 0.00000063, 1, '26/02/18-12:06:09', '26/02/18-12:06:35'),
(605, 94, 0.00000062, 161290, 0.00000062, 1, '26/02/18-12:07:08', '26/02/18-12:08:43'),
(606, 82, 0.00000062, 161290, 0.00000062, 1, '26/02/18-12:07:09', '26/02/18-12:08:43'),
(607, 94, 0.00000062, 161290, 0.00000062, 1, '26/02/18-12:08:58', '26/02/18-12:11:18'),
(608, 82, 0.00000062, 161290, 0.00000063, 1, '26/02/18-12:08:58', '26/02/18-12:11:20'),
(609, 82, 0.00000062, 161290, 0.00000062, 1, '26/02/18-12:11:34', '26/02/18-12:12:34'),
(610, 94, 0.00000062, 161290, 0.00000062, 1, '26/02/18-12:11:35', '26/02/18-12:12:33'),
(611, 82, 0.00000063, 158730, 0.00000063, 1, '26/02/18-12:13:31', '26/02/18-12:14:33'),
(612, 94, 0.00000063, 158730, 0.00000062, 1, '26/02/18-12:13:32', '26/02/18-12:14:31'),
(613, 82, 0.00000063, 158730, 0.00000063, 1, '26/02/18-12:15:07', '26/02/18-12:16:26'),
(614, 94, 0.00000062, 161290, 0.00000063, 1, '26/02/18-12:15:09', '26/02/18-12:16:27'),
(615, 82, 0.00000063, 158730, 0.00000063, 1, '26/02/18-12:17:39', '26/02/18-12:17:50'),
(616, 94, 0.00000062, 161290, 0.00000063, 1, '26/02/18-12:17:40', '26/02/18-12:17:51'),
(617, 94, 0.00000062, 161290, 0.00000063, 1, '26/02/18-12:17:58', '26/02/18-12:18:00'),
(618, 82, 0.00000062, 161290, 0.00000063, 1, '26/02/18-12:17:58', '26/02/18-12:18:00'),
(619, 94, 0.00000062, 161290, 0.00000062, 1, '26/02/18-12:19:02', '26/02/18-12:19:49'),
(620, 82, 0.00000062, 161290, 0.00000063, 1, '26/02/18-12:19:02', '26/02/18-12:19:50'),
(621, 94, 0.00000063, 158730, 0.00000063, 1, '26/02/18-12:20:06', '26/02/18-12:20:27'),
(622, 82, 0.00000062, 161290, 0.00000063, 1, '26/02/18-12:20:07', '26/02/18-12:20:27'),
(623, 94, 0.00000063, 158730, 0.00000062, 1, '26/02/18-12:20:29', '26/02/18-12:20:31'),
(624, 94, 0.00000062, 161290, 0.00000062, 1, '26/02/18-12:20:36', '26/02/18-12:22:27'),
(625, 82, 0.00000062, 161290, 0.00000063, 1, '26/02/18-12:20:38', '26/02/18-12:22:28'),
(626, 119, 0.00005912, 1691, 0.00005946, 1, '26/02/18-12:21:32', '26/02/18-12:23:49'),
(627, 94, 0.00000063, 158730, 0.00000062, 1, '26/02/18-12:23:20', '26/02/18-12:24:37'),
(628, 82, 0.00000062, 161290, 0.00000063, 1, '26/02/18-12:23:23', '26/02/18-12:24:38'),
(629, 82, 0.00000063, 158730, 0.00000063, 1, '26/02/18-12:25:26', '26/02/18-12:27:05'),
(630, 94, 0.00000062, 161290, 0.00000062, 1, '26/02/18-12:25:28', '26/02/18-12:27:04'),
(631, 94, 0.00000063, 158730, 0.00000063, 1, '26/02/18-12:27:06', '26/02/18-12:27:29'),
(632, 82, 0.00000062, 161290, 0.00000062, 1, '26/02/18-12:27:07', '26/02/18-12:27:27'),
(633, 82, 0.00000063, 158730, 0.00000062, 1, '26/02/18-12:27:32', '26/02/18-12:28:40'),
(634, 94, 0.00000062, 161290, 0.00000063, 1, '26/02/18-12:27:34', '26/02/18-12:28:42'),
(635, 119, 0.00005912, 1691, 0.00005928, 1, '26/02/18-12:28:26', '26/02/18-12:28:34'),
(636, 119, 0.00005912, 1691, 0.00005890, 1, '26/02/18-12:29:22', '26/02/18-13:06:06'),
(637, 94, 0.00000062, 161290, 0.00000063, 1, '26/02/18-12:30:09', '26/02/18-12:30:36'),
(638, 82, 0.00000062, 161290, 0.00000063, 1, '26/02/18-12:30:10', '26/02/18-12:30:36'),
(639, 94, 0.00000062, 161290, 0.00000063, 1, '26/02/18-12:31:32', '26/02/18-12:32:23'),
(640, 82, 0.00000062, 161290, 0.00000063, 1, '26/02/18-12:31:36', '26/02/18-12:32:23'),
(641, 111, 0.06040003, 2, 0.06049484, 1, '26/02/18-12:31:56', '26/02/18-12:32:57'),
(642, 85, 0.00003000, 3333, 0.00002966, 1, '26/02/18-12:32:09', '26/02/18-14:16:01'),
(643, 94, 0.00000062, 161290, 0.00000062, 1, '26/02/18-12:34:09', '26/02/18-12:34:26'),
(644, 82, 0.00000062, 161290, 0.00000063, 1, '26/02/18-12:34:13', '26/02/18-12:34:27'),
(645, 82, 0.00000062, 161290, 0.00000063, 1, '26/02/18-12:35:27', '26/02/18-12:36:08'),
(646, 94, 0.00000063, 158730, 0.00000063, 1, '26/02/18-12:35:32', '26/02/18-12:36:07'),
(647, 104, 0.02190002, 5, 0.02190003, 1, '26/02/18-12:37:10', '26/02/18-12:43:12'),
(648, 103, 0.02190000, 5, 0.02190003, 1, '26/02/18-12:37:12', '26/02/18-12:43:13'),
(649, 102, 0.02190000, 5, 0.02189990, 1, '26/02/18-12:37:12', '26/02/18-12:43:21'),
(650, 94, 0.00000062, 161290, 0.00000063, 1, '26/02/18-12:39:23', '26/02/18-12:39:25'),
(651, 94, 0.00000063, 158730, 0.00000063, 1, '26/02/18-12:40:25', '26/02/18-12:40:27'),
(652, 82, 0.00000063, 158730, 0.00000063, 1, '26/02/18-12:41:38', '26/02/18-12:41:52'),
(653, 94, 0.00000062, 161290, 0.00000062, 1, '26/02/18-12:41:40', '26/02/18-12:41:51'),
(654, 83, 0.00000098, 102041, 0.00000099, 1, '26/02/18-12:43:46', '26/02/18-14:21:34'),
(655, 91, 0.00000099, 353535, 0.00000098, 1, '26/02/18-12:43:50', '26/02/18-14:21:33'),
(656, 82, 0.00000062, 161290, 0.00000062, 1, '26/02/18-12:44:00', '26/02/18-12:44:36'),
(657, 94, 0.00000062, 161290, 0.00000063, 1, '26/02/18-12:44:01', '26/02/18-12:44:36'),
(658, 103, 0.02192180, 5, 0.02192179, 1, '26/02/18-12:45:24', '26/02/18-12:45:32'),
(659, 104, 0.02188000, 5, 0.02188000, 1, '26/02/18-12:45:25', '26/02/18-12:45:30'),
(660, 102, 0.02188000, 5, 0.02192179, 1, '26/02/18-12:45:26', '26/02/18-12:45:31'),
(661, 104, 0.02192179, 5, 0.02188000, 1, '26/02/18-12:45:36', '26/02/18-12:46:45'),
(662, 102, 0.02192179, 5, 0.02192179, 1, '26/02/18-12:45:36', '26/02/18-12:46:47'),
(663, 103, 0.02188000, 5, 0.02192179, 1, '26/02/18-12:45:37', '26/02/18-12:46:46'),
(664, 112, 0.00000097, 103093, 0.00000098, 1, '26/02/18-12:45:57', '26/02/18-12:46:00'),
(665, 112, 0.00000098, 102041, 0.00000099, 1, '26/02/18-12:46:02', '26/02/18-12:51:40'),
(666, 82, 0.00000062, 161290, 0.00000063, 1, '26/02/18-12:46:02', '26/02/18-12:47:19'),
(667, 94, 0.00000062, 161290, 0.00000062, 1, '26/02/18-12:46:03', '26/02/18-12:46:20'),
(668, 94, 0.00000063, 158730, 0.00000063, 1, '26/02/18-12:46:39', '26/02/18-12:47:24'),
(669, 104, 0.02192179, 5, 0.02187300, 1, '26/02/18-12:46:50', '26/02/18-12:47:08'),
(670, 103, 0.02188000, 5, 0.02187300, 1, '26/02/18-12:46:51', '26/02/18-12:47:08'),
(671, 102, 0.02188000, 5, 0.02187300, 1, '26/02/18-12:46:52', '26/02/18-12:47:09'),
(672, 104, 0.02192177, 5, 0.02192179, 1, '26/02/18-12:47:10', '26/02/18-12:52:13'),
(673, 103, 0.02192177, 5, 0.02190000, 1, '26/02/18-12:47:10', '26/02/18-12:53:10'),
(674, 102, 0.02187300, 5, 0.02192179, 1, '26/02/18-12:47:11', '26/02/18-12:52:19'),
(675, 82, 0.00000063, 158730, 0.00000062, 1, '26/02/18-12:47:27', '26/02/18-12:47:29'),
(676, 94, 0.00000062, 161290, 0.00000063, 1, '26/02/18-12:47:30', '26/02/18-12:47:34'),
(677, 82, 0.00000062, 161290, 0.00000063, 1, '26/02/18-12:47:31', '26/02/18-12:47:33'),
(678, 82, 0.00000063, 158730, 0.00000062, 1, '26/02/18-12:48:03', '26/02/18-12:48:20'),
(679, 94, 0.00000063, 158730, 0.00000062, 1, '26/02/18-12:48:03', '26/02/18-12:48:21'),
(680, 82, 0.00000062, 161290, 0.00000063, 1, '26/02/18-12:48:31', '26/02/18-12:49:42'),
(681, 94, 0.00000062, 161290, 0.00000063, 1, '26/02/18-12:48:34', '26/02/18-12:49:43'),
(682, 94, 0.00000062, 161290, 0.00000062, 1, '26/02/18-12:50:07', '26/02/18-12:50:08'),
(683, 94, 0.00000062, 161290, 0.00000063, 1, '26/02/18-12:50:11', '26/02/18-12:51:04'),
(684, 82, 0.00000062, 161290, 0.00000063, 1, '26/02/18-12:50:11', '26/02/18-12:51:04'),
(685, 94, 0.00000062, 161290, 0.00000063, 1, '26/02/18-12:52:10', '26/02/18-12:52:18'),
(686, 112, 0.00000098, 102041, 0.00000099, 1, '26/02/18-12:52:17', '26/02/18-12:52:20'),
(687, 82, 0.00000063, 158730, 0.00000063, 1, '26/02/18-12:52:18', '26/02/18-12:52:19'),
(688, 82, 0.00000063, 158730, 0.00000063, 1, '26/02/18-12:53:23', '26/02/18-12:53:37'),
(689, 94, 0.00000062, 161290, 0.00000063, 1, '26/02/18-12:53:25', '26/02/18-12:53:37'),
(690, 94, 0.00000062, 161290, 0.00000063, 1, '26/02/18-12:53:39', '26/02/18-12:53:41'),
(691, 112, 0.00000098, 102041, 0.00000099, 1, '26/02/18-12:53:54', '26/02/18-12:54:23'),
(692, 82, 0.00000063, 158730, 0.00000063, 1, '26/02/18-12:54:15', '26/02/18-12:54:32'),
(693, 94, 0.00000062, 161290, 0.00000062, 1, '26/02/18-12:54:16', '26/02/18-12:54:30'),
(694, 112, 0.00000098, 102041, 0.00000099, 1, '26/02/18-12:54:28', '26/02/18-12:54:39'),
(695, 112, 0.00000099, 101010, 0.00000100, 1, '26/02/18-12:54:41', '26/02/18-12:59:04'),
(696, 82, 0.00000063, 158730, 0.00000062, 1, '26/02/18-12:55:16', '26/02/18-12:56:03'),
(697, 94, 0.00000062, 161290, 0.00000063, 1, '26/02/18-12:55:18', '26/02/18-12:56:04'),
(698, 82, 0.00000062, 161290, 0.00000062, 1, '26/02/18-12:56:20', '26/02/18-12:57:08'),
(699, 94, 0.00000062, 161290, 0.00000062, 1, '26/02/18-12:56:21', '26/02/18-13:01:15'),
(700, 104, 0.02185957, 5, 0.02187886, 1, '26/02/18-12:56:41', '26/02/18-13:03:00'),
(701, 102, 0.02183173, 5, 0.02180003, 1, '26/02/18-12:56:44', '26/02/18-13:02:58'),
(702, 103, 0.02183173, 5, 0.02187886, 1, '26/02/18-12:56:44', '26/02/18-13:02:59'),
(703, 82, 0.00000063, 158730, 0.00000062, 1, '26/02/18-12:57:10', '26/02/18-13:01:18'),
(704, 112, 0.00000098, 102041, 0.00000099, 1, '26/02/18-12:59:39', '26/02/18-13:37:50'),
(705, 82, 0.00000062, 161290, 0.00000062, 1, '26/02/18-13:01:29', '26/02/18-13:03:19'),
(706, 94, 0.00000062, 161290, 0.00000062, 1, '26/02/18-13:01:29', '26/02/18-13:03:19'),
(707, 94, 0.00000063, 158730, 0.00000062, 1, '26/02/18-13:03:27', '26/02/18-13:03:29'),
(708, 103, 0.02180012, 5, 0.02168985, 1, '26/02/18-13:04:13', '26/02/18-13:17:41'),
(709, 104, 0.02175027, 5, 0.02168985, 1, '26/02/18-13:04:14', '26/02/18-13:17:42'),
(710, 102, 0.02175027, 5, 0.02168500, 1, '26/02/18-13:04:15', '26/02/18-13:17:44'),
(711, 94, 0.00000062, 161290, 0.00000063, 1, '26/02/18-13:04:42', '26/02/18-13:05:01'),
(712, 82, 0.00000062, 161290, 0.00000063, 1, '26/02/18-13:04:42', '26/02/18-13:05:02'),
(713, 70, 0.08475002, 11, 0.08536843, 1, '26/02/18-13:06:06', '26/02/18-14:58:19'),
(714, 94, 0.00000063, 158730, 0.00000063, 1, '26/02/18-13:06:34', '26/02/18-13:08:25'),
(715, 82, 0.00000062, 161290, 0.00000063, 1, '26/02/18-13:06:36', '26/02/18-13:08:25'),
(716, 119, 0.00005850, 1709, 0.00005889, 1, '26/02/18-13:09:32', '26/02/18-13:24:19'),
(717, 94, 0.00000062, 161290, 0.00000063, 1, '26/02/18-13:10:45', '26/02/18-13:10:59'),
(718, 82, 0.00000062, 161290, 0.00000063, 1, '26/02/18-13:10:50', '26/02/18-13:10:58'),
(719, 82, 0.00000063, 158730, 0.00000062, 1, '26/02/18-13:12:40', '26/02/18-13:13:49'),
(720, 94, 0.00000062, 161290, 0.00000062, 1, '26/02/18-13:12:43', '26/02/18-13:13:48'),
(721, 87, 0.02157058, 5, 0.02150000, 1, '26/02/18-13:13:56', '26/02/18-14:30:01'),
(722, 107, 0.00009056, 1104, 0.00009106, 1, '26/02/18-13:14:07', '26/02/18-14:38:05'),
(723, 84, 0.02150500, 5, 0.02150000, 1, '26/02/18-13:14:16', '26/02/18-14:30:02'),
(724, 86, 0.02150500, 5, 0.02150000, 1, '26/02/18-13:14:17', '26/02/18-14:30:01'),
(725, 105, 0.02150500, 5, 0.02150000, 1, '26/02/18-13:14:17', '26/02/18-14:30:00'),
(726, 94, 0.00000063, 158730, 0.00000062, 1, '26/02/18-13:16:25', '26/02/18-13:16:51'),
(727, 82, 0.00000062, 161290, 0.00000063, 1, '26/02/18-13:16:27', '26/02/18-13:16:53'),
(728, 82, 0.00000062, 161290, 0.00000063, 1, '26/02/18-13:18:57', '26/02/18-13:19:12'),
(729, 94, 0.00000062, 161290, 0.00000062, 1, '26/02/18-13:18:58', '26/02/18-13:19:09'),
(730, 94, 0.00000062, 161290, 0.00000062, 1, '26/02/18-13:19:20', '26/02/18-13:19:34'),
(731, 82, 0.00000062, 161290, 0.00000063, 1, '26/02/18-13:19:20', '26/02/18-13:19:22'),
(732, 82, 0.00000063, 158730, 0.00000063, 1, '26/02/18-13:19:24', '26/02/18-13:20:29'),
(733, 94, 0.00000062, 161290, 0.00000063, 1, '26/02/18-13:19:36', '26/02/18-13:20:31'),
(734, 82, 0.00000063, 158730, 0.00000063, 1, '26/02/18-13:21:13', '26/02/18-13:22:33'),
(735, 94, 0.00000062, 161290, 0.00000062, 1, '26/02/18-13:21:15', '26/02/18-13:22:32'),
(736, 94, 0.00000062, 161290, 0.00000063, 1, '26/02/18-13:23:13', '26/02/18-13:23:37'),
(737, 82, 0.00000062, 161290, 0.00000063, 1, '26/02/18-13:23:15', '26/02/18-13:23:35'),
(738, 82, 0.00000063, 158730, 0.00000063, 1, '26/02/18-13:25:30', '26/02/18-13:26:06'),
(739, 94, 0.00000063, 158730, 0.00000063, 1, '26/02/18-13:25:30', '26/02/18-13:26:06'),
(740, 94, 0.00000063, 158730, 0.00000063, 1, '26/02/18-13:26:11', '26/02/18-13:26:13'),
(741, 82, 0.00000063, 158730, 0.00000063, 1, '26/02/18-13:26:23', '26/02/18-13:27:15'),
(742, 94, 0.00000062, 161290, 0.00000063, 1, '26/02/18-13:26:24', '26/02/18-13:27:05'),
(743, 94, 0.00000062, 161290, 0.00000063, 1, '26/02/18-13:27:07', '26/02/18-13:27:15'),
(744, 94, 0.00000063, 158730, 0.00000062, 1, '26/02/18-13:27:50', '26/02/18-13:28:08'),
(745, 82, 0.00000063, 158730, 0.00000063, 1, '26/02/18-13:27:51', '26/02/18-13:28:08'),
(746, 82, 0.00000063, 158730, 0.00000063, 1, '26/02/18-13:28:10', '26/02/18-13:29:07'),
(747, 94, 0.00000063, 158730, 0.00000062, 1, '26/02/18-13:28:10', '26/02/18-13:29:12'),
(748, 82, 0.00000062, 161290, 0.00000063, 1, '26/02/18-13:29:09', '26/02/18-13:29:14'),
(749, 82, 0.00000062, 161290, 0.00000062, 1, '26/02/18-13:30:14', '26/02/18-13:31:16'),
(750, 94, 0.00000062, 161290, 0.00000063, 1, '26/02/18-13:30:14', '26/02/18-13:31:17'),
(751, 94, 0.00000063, 158730, 0.00000062, 1, '26/02/18-13:32:39', '26/02/18-13:34:48'),
(752, 82, 0.00000062, 161290, 0.00000063, 1, '26/02/18-13:32:41', '26/02/18-13:34:50'),
(753, 94, 0.00000063, 158730, 0.00000062, 1, '26/02/18-13:35:08', '26/02/18-13:35:17'),
(754, 82, 0.00000062, 161290, 0.00000062, 1, '26/02/18-13:35:10', '26/02/18-13:35:21'),
(755, 94, 0.00000062, 161290, 0.00000063, 1, '26/02/18-13:35:18', '26/02/18-13:35:23'),
(756, 94, 0.00000062, 161290, 0.00000062, 1, '26/02/18-13:35:40', '26/02/18-13:35:46'),
(757, 82, 0.00000062, 161290, 0.00000062, 1, '26/02/18-13:35:41', '26/02/18-13:35:46'),
(758, 94, 0.00000062, 161290, 0.00000062, 1, '26/02/18-13:36:15', '26/02/18-13:37:12'),
(759, 82, 0.00000062, 161290, 0.00000063, 1, '26/02/18-13:36:15', '26/02/18-13:37:14'),
(760, 94, 0.00000063, 158730, 0.00000062, 1, '26/02/18-13:37:53', '26/02/18-13:37:55'),
(761, 82, 0.00000062, 161290, 0.00000063, 1, '26/02/18-13:37:54', '26/02/18-13:37:56'),
(762, 94, 0.00000062, 161290, 0.00000062, 1, '26/02/18-13:39:11', '26/02/18-13:40:00'),
(763, 82, 0.00000062, 161290, 0.00000063, 1, '26/02/18-13:39:11', '26/02/18-13:39:59'),
(764, 82, 0.00000063, 158730, 0.00000063, 1, '26/02/18-13:40:32', '26/02/18-13:40:52'),
(765, 94, 0.00000063, 158730, 0.00000063, 1, '26/02/18-13:40:32', '26/02/18-13:40:52'),
(766, 94, 0.00000063, 158730, 0.00000062, 1, '26/02/18-13:40:57', '26/02/18-13:43:39'),
(767, 82, 0.00000062, 161290, 0.00000062, 1, '26/02/18-13:41:00', '26/02/18-13:43:38'),
(768, 94, 0.00000062, 161290, 0.00000063, 1, '26/02/18-13:46:03', '26/02/18-13:48:13'),
(769, 82, 0.00000062, 161290, 0.00000062, 1, '26/02/18-13:46:12', '26/02/18-13:48:10'),
(770, 104, 0.02155304, 5, 0.02151985, 1, '26/02/18-13:48:10', '26/02/18-14:01:35'),
(771, 103, 0.02155304, 5, 0.02151985, 1, '26/02/18-13:48:10', '26/02/18-14:01:38'),
(772, 102, 0.02150044, 5, 0.02151985, 1, '26/02/18-13:48:10', '26/02/18-14:01:36'),
(773, 94, 0.00000063, 158730, 0.00000062, 1, '26/02/18-13:48:26', '26/02/18-13:48:39'),
(774, 82, 0.00000062, 161290, 0.00000062, 1, '26/02/18-13:48:28', '26/02/18-13:48:39'),
(775, 119, 0.00005850, 1709, 0.00005875, 1, '26/02/18-13:48:41', '26/02/18-14:08:54'),
(776, 94, 0.00000063, 158730, 0.00000062, 1, '26/02/18-13:49:59', '26/02/18-13:50:01'),
(777, 82, 0.00000063, 158730, 0.00000063, 1, '26/02/18-13:50:00', '26/02/18-13:51:29'),
(778, 94, 0.00000063, 158730, 0.00000062, 1, '26/02/18-13:50:03', '26/02/18-13:51:28'),
(779, 82, 0.00000063, 158730, 0.00000063, 1, '26/02/18-13:51:40', '26/02/18-13:52:34'),
(780, 94, 0.00000062, 161290, 0.00000063, 1, '26/02/18-13:51:42', '26/02/18-13:52:34'),
(781, 94, 0.00000062, 161290, 0.00000063, 1, '26/02/18-13:52:39', '26/02/18-13:52:41'),
(782, 82, 0.00000062, 161290, 0.00000063, 1, '26/02/18-13:52:39', '26/02/18-13:52:41'),
(783, 82, 0.00000062, 161290, 0.00000063, 1, '26/02/18-13:53:49', '26/02/18-13:54:58'),
(784, 94, 0.00000062, 161290, 0.00000063, 1, '26/02/18-13:53:50', '26/02/18-13:54:58'),
(785, 82, 0.00000063, 158730, 0.00000062, 1, '26/02/18-13:55:06', '26/02/18-13:56:27'),
(786, 94, 0.00000062, 161290, 0.00000063, 1, '26/02/18-13:55:10', '26/02/18-13:57:42'),
(787, 82, 0.00000062, 161290, 0.00000062, 1, '26/02/18-13:56:29', '26/02/18-13:57:40'),
(788, 94, 0.00000063, 158730, 0.00000063, 1, '26/02/18-13:57:50', '26/02/18-13:59:20'),
(789, 82, 0.00000062, 161290, 0.00000063, 1, '26/02/18-13:57:52', '26/02/18-13:59:21'),
(790, 82, 0.00000063, 158730, 0.00000063, 1, '26/02/18-14:00:29', '26/02/18-14:01:53'),
(791, 94, 0.00000062, 161290, 0.00000062, 1, '26/02/18-14:00:30', '26/02/18-14:01:51'),
(792, 94, 0.00000063, 158730, 0.00000063, 1, '26/02/18-14:03:00', '26/02/18-14:03:26'),
(793, 82, 0.00000062, 161290, 0.00000063, 1, '26/02/18-14:03:02', '26/02/18-14:03:25'),
(794, 82, 0.00000062, 161290, 0.00000062, 1, '26/02/18-14:04:15', '26/02/18-14:07:04'),
(795, 94, 0.00000062, 161290, 0.00000062, 1, '26/02/18-14:04:16', '26/02/18-14:07:04'),
(796, 82, 0.00000062, 161290, 0.00000063, 1, '26/02/18-14:07:21', '26/02/18-14:07:38'),
(797, 94, 0.00000062, 161290, 0.00000063, 1, '26/02/18-14:07:21', '26/02/18-14:07:38'),
(798, 82, 0.00000062, 161290, 0.00000062, 1, '26/02/18-14:07:52', '26/02/18-14:08:34'),
(799, 94, 0.00000062, 161290, 0.00000063, 1, '26/02/18-14:07:52', '26/02/18-14:08:35'),
(800, 82, 0.00000062, 161290, 0.00000063, 1, '26/02/18-14:09:36', '26/02/18-14:09:38'),
(801, 82, 0.00000062, 161290, 0.00000063, 1, '26/02/18-14:09:40', '26/02/18-14:09:48'),
(802, 94, 0.00000062, 161290, 0.00000063, 1, '26/02/18-14:09:40', '26/02/18-14:09:48'),
(803, 119, 0.00005849, 1710, 0.00005826, 1, '26/02/18-14:10:38', '26/02/18-14:31:19'),
(804, 94, 0.00000062, 161290, 0.00000063, 1, '26/02/18-14:10:54', '26/02/18-14:12:29'),
(805, 82, 0.00000062, 161290, 0.00000063, 1, '26/02/18-14:10:54', '26/02/18-14:12:29'),
(806, 82, 0.00000062, 161290, 0.00000063, 1, '26/02/18-14:12:34', '26/02/18-14:14:10'),
(807, 94, 0.00000062, 161290, 0.00000063, 1, '26/02/18-14:12:34', '26/02/18-14:14:48'),
(808, 82, 0.00000063, 158730, 0.00000063, 1, '26/02/18-14:15:16', '26/02/18-14:15:24'),
(809, 94, 0.00000063, 158730, 0.00000062, 1, '26/02/18-14:15:17', '26/02/18-14:15:22'),
(810, 94, 0.00000062, 161290, 0.00000063, 1, '26/02/18-14:16:48', '26/02/18-14:18:28'),
(811, 82, 0.00000062, 161290, 0.00000063, 1, '26/02/18-14:17:12', '26/02/18-14:18:27'),
(812, 94, 0.00000063, 158730, 0.00000062, 1, '26/02/18-14:18:36', '26/02/18-14:18:38'),
(813, 99, 0.00003168, 3157, 0.00003194, 1, '26/02/18-14:18:47', '26/02/18-17:03:33'),
(814, 108, 0.00000596, 16779, 0.00000600, 1, '26/02/18-14:18:57', '26/02/18-14:19:20'),
(815, 82, 0.00000063, 158730, 0.00000062, 1, '26/02/18-14:19:08', '26/02/18-14:19:10'),
(816, 94, 0.00000063, 158730, 0.00000063, 1, '26/02/18-14:20:10', '26/02/18-14:20:12'),
(817, 82, 0.00000063, 158730, 0.00000063, 1, '26/02/18-14:20:20', '26/02/18-14:21:04'),
(818, 94, 0.00000062, 161290, 0.00000063, 1, '26/02/18-14:20:21', '26/02/18-14:21:02'),
(819, 94, 0.00000062, 161290, 0.00000063, 1, '26/02/18-14:21:59', '26/02/18-14:23:28'),
(820, 82, 0.00000062, 161290, 0.00000062, 1, '26/02/18-14:22:00', '26/02/18-14:23:24'),
(821, 82, 0.00000062, 161290, 0.00000063, 1, '26/02/18-14:23:25', '26/02/18-14:23:27'),
(822, 82, 0.00000063, 158730, 0.00000063, 1, '26/02/18-14:24:20', '26/02/18-14:25:32'),
(823, 94, 0.00000062, 161290, 0.00000063, 1, '26/02/18-14:24:26', '26/02/18-14:25:29'),
(824, 104, 0.02158000, 5, 0.02155999, 1, '26/02/18-14:24:33', '26/02/18-14:39:15'),
(825, 103, 0.02158000, 5, 0.02155999, 1, '26/02/18-14:24:33', '26/02/18-14:39:15'),
(826, 102, 0.02148784, 5, 0.02155999, 1, '26/02/18-14:25:08', '26/02/18-14:39:15'),
(827, 94, 0.00000062, 161290, 0.00000063, 1, '26/02/18-14:26:26', '26/02/18-14:28:42'),
(828, 82, 0.00000062, 161290, 0.00000063, 1, '26/02/18-14:26:27', '26/02/18-14:28:43'),
(829, 82, 0.00000063, 158730, 0.00000062, 1, '26/02/18-14:29:03', '26/02/18-14:29:49'),
(830, 94, 0.00000062, 161290, 0.00000063, 1, '26/02/18-14:29:05', '26/02/18-14:29:50'),
(831, 94, 0.00000062, 161290, 0.00000062, 1, '26/02/18-14:30:45', '26/02/18-14:30:47'),
(832, 82, 0.00000062, 161290, 0.00000063, 1, '26/02/18-14:30:45', '26/02/18-14:30:47'),
(833, 94, 0.00000063, 158730, 0.00000062, 1, '26/02/18-14:30:52', '26/02/18-14:30:54'),
(834, 82, 0.00000063, 158730, 0.00000062, 1, '26/02/18-14:30:52', '26/02/18-14:30:54'),
(835, 94, 0.00000063, 158730, 0.00000063, 1, '26/02/18-14:31:08', '26/02/18-14:31:16'),
(836, 82, 0.00000063, 158730, 0.00000063, 1, '26/02/18-14:31:08', '26/02/18-14:31:16'),
(837, 94, 0.00000062, 161290, 0.00000063, 1, '26/02/18-14:32:17', '26/02/18-14:35:23'),
(838, 82, 0.00000062, 161290, 0.00000063, 1, '26/02/18-14:32:18', '26/02/18-14:35:22'),
(839, 119, 0.00005826, 1716, 0.00005880, 1, '26/02/18-14:32:59', '26/02/18-14:33:14'),
(840, 119, 0.00005826, 1716, 0.00005826, 1, '26/02/18-14:33:24', '26/02/18-14:40:34'),
(841, 94, 0.00000063, 158730, 0.00000062, 1, '26/02/18-14:35:25', '26/02/18-14:35:27'),
(842, 94, 0.00000062, 161290, 0.00000062, 1, '26/02/18-14:35:29', '26/02/18-14:36:28'),
(843, 82, 0.00000062, 161290, 0.00000063, 1, '26/02/18-14:35:30', '26/02/18-14:36:29'),
(844, 82, 0.00000063, 158730, 0.00000063, 1, '26/02/18-14:37:57', '26/02/18-14:38:38'),
(845, 94, 0.00000062, 161290, 0.00000063, 1, '26/02/18-14:37:57', '26/02/18-14:38:38'),
(846, 82, 0.00000063, 158730, 0.00000063, 1, '26/02/18-14:38:46', '26/02/18-14:39:18'),
(847, 94, 0.00000063, 158730, 0.00000063, 1, '26/02/18-14:38:46', '26/02/18-14:39:19'),
(848, 82, 0.00000062, 161290, 0.00000062, 1, '26/02/18-14:40:21', '26/02/18-14:41:40'),
(849, 94, 0.00000062, 161290, 0.00000063, 1, '26/02/18-14:40:21', '26/02/18-14:41:41'),
(850, 119, 0.00005826, 1716, 0.00005822, 1, '26/02/18-14:41:10', '26/02/18-15:16:38'),
(851, 94, 0.00000062, 161290, 0.00000063, 1, '26/02/18-14:43:28', '26/02/18-14:43:42'),
(852, 82, 0.00000062, 161290, 0.00000063, 1, '26/02/18-14:43:28', '26/02/18-14:43:42'),
(853, 94, 0.00000063, 158730, 0.00000062, 1, '26/02/18-14:44:35', '26/02/18-14:45:05'),
(854, 82, 0.00000062, 161290, 0.00000062, 1, '26/02/18-14:44:35', '26/02/18-14:45:04'),
(855, 84, 0.02155759, 5, 0.02133971, 1, '26/02/18-14:48:47', '26/02/18-17:19:05'),
(856, 82, 0.00000062, 161290, 0.00000062, 1, '26/02/18-14:48:50', '26/02/18-14:49:59'),
(857, 94, 0.00000062, 161290, 0.00000063, 1, '26/02/18-14:48:51', '26/02/18-14:49:59'),
(858, 94, 0.00000063, 158730, 0.00000063, 1, '26/02/18-14:51:54', '26/02/18-14:52:08'),
(859, 82, 0.00000062, 161290, 0.00000062, 1, '26/02/18-14:51:59', '26/02/18-14:52:07');
INSERT INTO `transactions` (`id`, `bot_id`, `buy_value`, `quantity`, `sell_value`, `selled`, `date_open`, `date_close`) VALUES
(860, 82, 0.00000062, 161290, 0.00000063, 1, '26/02/18-14:52:30', '26/02/18-14:53:10'),
(861, 94, 0.00000062, 161290, 0.00000063, 1, '26/02/18-14:52:31', '26/02/18-14:53:12'),
(862, 82, 0.00000062, 161290, 0.00000063, 1, '26/02/18-14:53:55', '26/02/18-14:55:53'),
(863, 94, 0.00000062, 161290, 0.00000063, 1, '26/02/18-14:53:55', '26/02/18-14:55:33'),
(864, 86, 0.02154799, 5, 0.02133971, 1, '26/02/18-14:54:09', '26/02/18-17:19:06'),
(865, 94, 0.00000063, 158730, 0.00000063, 1, '26/02/18-14:56:22', '26/02/18-14:56:36'),
(866, 82, 0.00000063, 158730, 0.00000063, 1, '26/02/18-14:56:28', '26/02/18-14:56:35'),
(867, 96, 0.02814436, 4, 0.02822280, 1, '26/02/18-14:57:56', '26/02/18-15:07:48'),
(868, 107, 0.00009070, 1103, 0.00000000, 0, '26/02/18-14:58:03', '-'),
(869, 94, 0.00000063, 158730, 0.00000063, 1, '26/02/18-14:58:06', '26/02/18-14:59:23'),
(870, 82, 0.00000062, 161290, 0.00000062, 1, '26/02/18-14:58:08', '26/02/18-14:59:22'),
(871, 82, 0.00000062, 161290, 0.00000063, 1, '26/02/18-14:59:52', '26/02/18-15:00:30'),
(872, 94, 0.00000062, 161290, 0.00000063, 1, '26/02/18-14:59:55', '26/02/18-15:00:27'),
(873, 82, 0.00000063, 158730, 0.00000062, 1, '26/02/18-15:00:32', '26/02/18-15:01:41'),
(874, 94, 0.00000063, 158730, 0.00000063, 1, '26/02/18-15:00:32', '26/02/18-15:01:43'),
(875, 94, 0.00000062, 161290, 0.00000063, 1, '26/02/18-15:01:54', '26/02/18-15:04:02'),
(876, 82, 0.00000062, 161290, 0.00000063, 1, '26/02/18-15:01:55', '26/02/18-15:04:02'),
(877, 103, 0.02150000, 5, 0.02150000, 1, '26/02/18-15:04:57', '26/02/18-15:05:08'),
(878, 102, 0.02150000, 5, 0.02150000, 1, '26/02/18-15:04:57', '26/02/18-15:05:08'),
(879, 104, 0.02150000, 5, 0.02158097, 1, '26/02/18-15:05:07', '26/02/18-15:05:09'),
(880, 102, 0.02158097, 5, 0.02150000, 1, '26/02/18-15:05:22', '26/02/18-15:05:30'),
(881, 103, 0.02158097, 5, 0.02150000, 1, '26/02/18-15:05:22', '26/02/18-15:05:30'),
(882, 104, 0.02150000, 5, 0.02156951, 1, '26/02/18-15:05:23', '26/02/18-15:05:31'),
(883, 94, 0.00000062, 161290, 0.00000063, 1, '26/02/18-15:05:38', '26/02/18-15:05:51'),
(884, 82, 0.00000062, 161290, 0.00000063, 1, '26/02/18-15:05:38', '26/02/18-15:05:49'),
(885, 82, 0.00000062, 161290, 0.00000063, 1, '26/02/18-15:06:53', '26/02/18-15:07:19'),
(886, 94, 0.00000062, 161290, 0.00000062, 1, '26/02/18-15:06:53', '26/02/18-15:07:18'),
(887, 82, 0.00000063, 158730, 0.00000062, 1, '26/02/18-15:07:33', '26/02/18-15:08:27'),
(888, 94, 0.00000062, 161290, 0.00000063, 1, '26/02/18-15:07:41', '26/02/18-15:08:25'),
(889, 94, 0.00000063, 158730, 0.00000063, 1, '26/02/18-15:10:54', '26/02/18-15:11:27'),
(890, 82, 0.00000063, 158730, 0.00000063, 1, '26/02/18-15:10:55', '26/02/18-15:11:30'),
(891, 94, 0.00000063, 158730, 0.00000063, 1, '26/02/18-15:13:50', '26/02/18-15:15:24'),
(892, 82, 0.00000062, 161290, 0.00000062, 1, '26/02/18-15:13:50', '26/02/18-15:15:18'),
(893, 82, 0.00000063, 158730, 0.00000063, 1, '26/02/18-15:16:21', '26/02/18-15:16:38'),
(894, 94, 0.00000062, 161290, 0.00000063, 1, '26/02/18-15:16:23', '26/02/18-15:16:38'),
(895, 94, 0.00000062, 161290, 0.00000063, 1, '26/02/18-15:16:43', '26/02/18-15:17:10'),
(896, 82, 0.00000062, 161290, 0.00000063, 1, '26/02/18-15:16:43', '26/02/18-15:17:13'),
(897, 82, 0.00000062, 161290, 0.00000063, 1, '26/02/18-15:17:21', '26/02/18-15:18:30'),
(898, 94, 0.00000062, 161290, 0.00000062, 1, '26/02/18-15:17:21', '26/02/18-15:18:30'),
(899, 94, 0.00000062, 161290, 0.00000063, 1, '26/02/18-15:20:15', '26/02/18-15:20:20'),
(900, 82, 0.00000062, 161290, 0.00000063, 1, '26/02/18-15:20:16', '26/02/18-15:20:21'),
(901, 82, 0.00000063, 158730, 0.00000062, 1, '26/02/18-15:21:44', '26/02/18-15:23:00'),
(902, 94, 0.00000062, 161290, 0.00000063, 1, '26/02/18-15:21:46', '26/02/18-15:23:01'),
(903, 82, 0.00000063, 158730, 0.00000063, 1, '26/02/18-15:23:11', '26/02/18-15:25:09'),
(904, 94, 0.00000062, 161290, 0.00000063, 1, '26/02/18-15:23:12', '26/02/18-15:25:07'),
(905, 104, 0.02148781, 5, 0.02158101, 1, '26/02/18-15:25:07', '26/02/18-15:25:18'),
(906, 102, 0.02148781, 5, 0.02158101, 1, '26/02/18-15:25:07', '26/02/18-15:25:18'),
(907, 103, 0.02148781, 5, 0.02158101, 1, '26/02/18-15:25:07', '26/02/18-15:25:20'),
(908, 82, 0.00000062, 161290, 0.00000063, 1, '26/02/18-15:25:17', '26/02/18-15:25:22'),
(909, 94, 0.00000062, 161290, 0.00000062, 1, '26/02/18-15:25:18', '26/02/18-15:25:20'),
(910, 102, 0.02148800, 5, 0.02158099, 1, '26/02/18-15:25:35', '26/02/18-15:39:37'),
(911, 104, 0.02148800, 5, 0.02148800, 1, '26/02/18-15:25:39', '26/02/18-15:39:35'),
(912, 103, 0.02148800, 5, 0.02148800, 1, '26/02/18-15:25:39', '26/02/18-15:39:35'),
(913, 94, 0.00000062, 161290, 0.00000063, 1, '26/02/18-15:27:11', '26/02/18-15:27:12'),
(914, 94, 0.00000063, 158730, 0.00000062, 1, '26/02/18-15:27:44', '26/02/18-15:28:45'),
(915, 82, 0.00000062, 161290, 0.00000063, 1, '26/02/18-15:27:46', '26/02/18-15:28:47'),
(916, 82, 0.00000062, 161290, 0.00000063, 1, '26/02/18-15:29:10', '26/02/18-15:30:03'),
(917, 94, 0.00000062, 161290, 0.00000063, 1, '26/02/18-15:29:11', '26/02/18-15:30:02'),
(918, 119, 0.00005833, 1714, 0.00005817, 1, '26/02/18-15:30:31', '26/02/18-16:05:36'),
(919, 94, 0.00000062, 161290, 0.00000063, 1, '26/02/18-15:31:18', '26/02/18-15:32:21'),
(920, 82, 0.00000062, 161290, 0.00000063, 1, '26/02/18-15:31:19', '26/02/18-15:32:21'),
(921, 82, 0.00000063, 158730, 0.00000063, 1, '26/02/18-15:34:01', '26/02/18-15:35:12'),
(922, 94, 0.00000062, 161290, 0.00000063, 1, '26/02/18-15:34:04', '26/02/18-15:35:12'),
(923, 82, 0.00000062, 161290, 0.00000062, 1, '26/02/18-15:36:15', '26/02/18-15:38:29'),
(924, 94, 0.00000062, 161290, 0.00000062, 1, '26/02/18-15:36:17', '26/02/18-15:38:29'),
(925, 94, 0.00000062, 161290, 0.00000063, 1, '26/02/18-15:39:59', '26/02/18-15:42:03'),
(926, 82, 0.00000062, 161290, 0.00000063, 1, '26/02/18-15:39:59', '26/02/18-15:42:02'),
(927, 77, 0.02146635, 5, 0.00000000, 0, '26/02/18-15:40:51', '-'),
(928, 102, 0.02144803, 5, 0.02157600, 1, '26/02/18-15:40:52', '26/02/18-15:41:42'),
(929, 103, 0.02146635, 5, 0.02157600, 1, '26/02/18-15:40:52', '26/02/18-15:41:44'),
(930, 58, 0.02144998, 5, 0.00000000, 0, '26/02/18-15:40:52', '-'),
(931, 105, 0.02146635, 5, 0.02139728, 1, '26/02/18-15:40:53', '26/02/18-17:19:07'),
(932, 104, 0.02144998, 5, 0.02157600, 1, '26/02/18-15:40:53', '26/02/18-15:41:43'),
(933, 87, 0.02144998, 5, 0.02139728, 1, '26/02/18-15:40:53', '26/02/18-17:19:07'),
(934, 46, 0.02144998, 44, 0.00000000, 0, '26/02/18-15:40:55', '-'),
(935, 82, 0.00000063, 158730, 0.00000062, 1, '26/02/18-15:43:07', '26/02/18-15:44:15'),
(936, 94, 0.00000062, 161290, 0.00000062, 1, '26/02/18-15:43:09', '26/02/18-15:44:14'),
(937, 103, 0.02146701, 5, 0.02146701, 1, '26/02/18-15:43:55', '26/02/18-15:48:37'),
(938, 104, 0.02144800, 5, 0.02146701, 1, '26/02/18-15:43:56', '26/02/18-15:48:35'),
(939, 102, 0.02146701, 5, 0.02146701, 1, '26/02/18-15:44:10', '26/02/18-15:48:36'),
(940, 94, 0.00000062, 161290, 0.00000063, 1, '26/02/18-15:44:40', '26/02/18-15:45:48'),
(941, 82, 0.00000063, 158730, 0.00000062, 1, '26/02/18-15:44:41', '26/02/18-15:45:45'),
(942, 82, 0.00000062, 161290, 0.00000062, 1, '26/02/18-15:47:08', '26/02/18-15:48:29'),
(943, 94, 0.00000062, 161290, 0.00000063, 1, '26/02/18-15:47:09', '26/02/18-15:48:30'),
(944, 94, 0.00000063, 158730, 0.00000062, 1, '26/02/18-15:49:45', '26/02/18-15:51:04'),
(945, 82, 0.00000062, 161290, 0.00000062, 1, '26/02/18-15:49:47', '26/02/18-15:51:05'),
(946, 94, 0.00000062, 161290, 0.00000063, 1, '26/02/18-15:51:21', '26/02/18-15:52:05'),
(947, 82, 0.00000062, 161290, 0.00000063, 1, '26/02/18-15:51:23', '26/02/18-15:52:05'),
(948, 82, 0.00000063, 158730, 0.00000063, 1, '26/02/18-15:52:17', '26/02/18-15:53:59'),
(949, 94, 0.00000062, 161290, 0.00000063, 1, '26/02/18-15:52:19', '26/02/18-15:53:57'),
(950, 94, 0.00000063, 158730, 0.00000062, 1, '26/02/18-15:54:11', '26/02/18-15:55:22'),
(951, 82, 0.00000062, 161290, 0.00000063, 1, '26/02/18-15:54:13', '26/02/18-15:55:23'),
(952, 94, 0.00000063, 158730, 0.00000063, 1, '26/02/18-15:55:38', '26/02/18-15:56:39'),
(953, 82, 0.00000062, 161290, 0.00000063, 1, '26/02/18-15:55:40', '26/02/18-15:56:39'),
(954, 94, 0.00000062, 161290, 0.00000062, 1, '26/02/18-15:56:50', '26/02/18-16:52:21'),
(955, 82, 0.00000062, 161290, 0.00000063, 1, '26/02/18-15:56:50', '26/02/18-16:52:21'),
(956, 104, 0.02140008, 5, 0.02123399, 1, '26/02/18-15:58:09', '26/02/18-16:15:58'),
(957, 103, 0.02140000, 5, 0.02123399, 1, '26/02/18-15:58:11', '26/02/18-16:16:00'),
(958, 102, 0.02140000, 5, 0.02123399, 1, '26/02/18-15:58:11', '26/02/18-16:15:58'),
(959, 119, 0.00005815, 1720, 0.00005809, 1, '26/02/18-16:15:10', '26/02/18-16:36:12'),
(960, 97, 0.01116713, 9, 0.00000000, 0, '26/02/18-16:16:08', '-'),
(961, 102, 0.02120000, 5, 0.02127998, 1, '26/02/18-16:18:58', '26/02/18-16:22:54'),
(962, 103, 0.02120000, 5, 0.02127990, 1, '26/02/18-16:18:59', '26/02/18-16:22:41'),
(963, 104, 0.02120000, 5, 0.02127990, 1, '26/02/18-16:19:04', '26/02/18-16:22:41'),
(964, 102, 0.02113095, 5, 0.02126000, 1, '26/02/18-16:27:43', '26/02/18-16:34:52'),
(965, 103, 0.02113095, 5, 0.02126000, 1, '26/02/18-16:27:44', '26/02/18-16:34:49'),
(966, 104, 0.02113095, 5, 0.02124200, 1, '26/02/18-16:27:46', '26/02/18-16:34:47'),
(967, 104, 0.02115000, 5, 0.02126200, 1, '26/02/18-16:35:43', '26/02/18-16:36:03'),
(968, 103, 0.02110800, 5, 0.02126200, 1, '26/02/18-16:35:46', '26/02/18-16:36:03'),
(969, 102, 0.02110800, 5, 0.02111802, 1, '26/02/18-16:35:46', '26/02/18-16:36:01'),
(970, 73, 0.02110800, 5, 0.02132000, 1, '26/02/18-16:35:47', '26/02/18-17:11:41'),
(971, 114, 0.02110800, 5, 0.02155564, 1, '26/02/18-16:35:50', '26/02/18-17:33:39'),
(972, 102, 0.02120000, 5, 0.02120000, 1, '26/02/18-17:01:01', '26/02/18-17:01:05'),
(973, 103, 0.02120000, 5, 0.02120000, 1, '26/02/18-17:01:01', '26/02/18-17:01:05'),
(974, 104, 0.02115000, 5, 0.02120000, 1, '26/02/18-17:01:02', '26/02/18-17:01:06'),
(975, 103, 0.02120000, 5, 0.02120000, 1, '26/02/18-17:01:07', '26/02/18-17:01:15'),
(976, 102, 0.02115000, 5, 0.02120000, 1, '26/02/18-17:01:07', '26/02/18-17:01:12'),
(977, 116, 0.00043102, 232, 0.00000000, 0, '26/02/18-17:21:53', '-'),
(978, 119, 0.00005803, 1723, 0.00005886, 1, '26/02/18-17:40:18', '26/02/18-19:20:01'),
(979, 94, 0.00000061, 163934, 0.00000000, 0, '26/02/18-19:20:03', '-'),
(980, 128, 0.00000061, 163934, 0.00000000, 0, '26/02/18-19:20:01', '-'),
(981, 129, 0.06000000, 2, 0.00000000, 0, '26/02/18-19:20:22', '-'),
(982, 95, 0.06000000, 2, 0.00000000, 0, '26/02/18-19:20:26', '-'),
(983, 59, 0.06000000, 2, 0.00000000, 0, '26/02/18-19:20:27', '-');

-- --------------------------------------------------------

--
-- Estrutura para tabela `users`
--

CREATE TABLE `users` (
  `id` int(10) UNSIGNED NOT NULL,
  `name` varchar(255) COLLATE utf8mb4_unicode_ci NOT NULL,
  `email` varchar(255) COLLATE utf8mb4_unicode_ci NOT NULL,
  `password` varchar(255) COLLATE utf8mb4_unicode_ci NOT NULL,
  `remember_token` varchar(100) COLLATE utf8mb4_unicode_ci DEFAULT NULL,
  `api_secret` varchar(255) COLLATE utf8mb4_unicode_ci DEFAULT NULL,
  `api_key` varchar(255) COLLATE utf8mb4_unicode_ci DEFAULT NULL,
  `premium` int(5) NOT NULL DEFAULT '0',
  `created_at` timestamp NULL DEFAULT NULL,
  `updated_at` timestamp NULL DEFAULT NULL
) ENGINE=InnoDB DEFAULT CHARSET=utf8mb4 COLLATE=utf8mb4_unicode_ci;

--
-- Fazendo dump de dados para tabela `users`
--

INSERT INTO `users` (`id`, `name`, `email`, `password`, `remember_token`, `api_secret`, `api_key`, `premium`, `created_at`, `updated_at`) VALUES
(1, 'alech', 'admin@gmail.com', '$2y$10$ba2xchQliRrbMhtnulgqg.oWC9OqAA2ib6yRq166TgXRD/bs6xn5i', 'wqEHkHrkwP2sxXTqFyXiCqXW3f3HsC24lymG9OfEYE3xi06ZHjnqgFDAHW3v', NULL, NULL, 0, '2017-12-08 20:03:33', '2018-02-25 02:39:29'),
(2, 'ramon', 'ramon@gmail.com', '$2y$10$c05sasB1Wq0xWf3GEOD3kOpylW7.6V8YLA.TFW.1h2TMJonz0zavu', 'Q8QUgoezziFHVlf4WgGkkHIqXc8UHqhGfSD3aV8JvBP8WYinfPa1hhA5Szps', NULL, NULL, 0, '2018-02-16 01:45:21', '2018-02-16 01:45:21'),
(3, 'matheus', 'matheus@gmail.com', '$2y$10$kx.gLlUgfkVodI5lVlTnCei3SqbVXZ/ibzpkDZW4uAowIjQy2wJ2O', 'AEuEVgdUw8fYMaPdXVcex4tL1r3HsKGbIifkIhdGF1bryuHBhk1yyjUak4ER', NULL, NULL, 0, '2018-02-17 14:44:11', '2018-02-17 14:44:11'),
(4, 'gabriel', 'gabriel@gmail.com', '$2y$10$9QJO1CmqiBgaQzRW9fv/cOfdHG2cnPXVkNSfhsCJ2A.1JN2BwEySi', 'DaDbMJDORH6QO1TO5wtlVt4DdCfK7Cm8ld1Djiqy9IWfzXZQqesZ0SgFuhJk', NULL, NULL, 0, '2018-02-17 14:44:35', '2018-02-17 14:44:35'),
(5, 'bruno', 'bruno@gmail.com', '$2y$10$1DOjy4Nq4cWk9G5O3Cros.qcbS0gTRWs4NV3mKXrYmDSrTUfaiIbG', NULL, NULL, NULL, 0, '2018-02-17 14:45:58', '2018-02-17 14:45:58'),
(6, 'ale chaito', 'alechaito@gmail.com', '$2y$10$IMRLFXP/5PHmPaPoFtikROylxX1rg3UJ0mJhR6M0giHUMG8iCzjGy', 'x4DvJXjRa7src4iWwbDVFCQOmrz9O9FN2Q0bqZEmqtWSDyBDwC2TzE8djtPs', NULL, NULL, 0, '2018-02-21 22:29:19', '2018-02-21 22:29:19'),
(7, 'ale chaito', 'alechaito@gmail.com', '$2y$10$JabTo9A1/bkDQ0LiR8Wo6.qdD5UCggdKkT4UL7VWixs6iZO2Vza0y', NULL, NULL, NULL, 0, '2018-02-21 22:31:39', '2018-02-21 22:31:39'),
(8, 'kkk', 't@gmail.com', '$2y$10$m4TtDS0dg/F454FOj0FqrOa1PXG1eeFM8867rumzmWnMRrqhnxZoO', NULL, NULL, NULL, 0, '2018-02-21 22:37:15', '2018-02-21 22:37:15'),
(9, 'kkk', 's@gmail.com', '$2y$10$POaYKN/LrmDlRScyNIYFqOexNEv7CaTTXuLJ7LCW1zYaq/ws6zLki', NULL, NULL, NULL, 0, '2018-02-21 22:39:06', '2018-02-21 22:39:06'),
(10, 'kkk', 's@gmail.com', '$2y$10$HXiUpHMejUush8hZnbKsi.iZmdA16KGrBlrEPcuR2.Mn92JCtrhwm', NULL, NULL, NULL, 0, '2018-02-21 22:40:08', '2018-02-21 22:40:08'),
(11, 'kkk', 's@gmail.com', '$2y$10$a/la4/B.nl6RN/HUl7d.Z.okFvS.vJbCcdxZ6yLQS0nhAMGz1Okl2', NULL, NULL, NULL, 0, '2018-02-21 22:41:18', '2018-02-21 22:41:18'),
(12, 'ale chaito', 'o@gmail.com', '$2y$10$wSgosbAZJECfnpk2AH7xr.D9CAhTvwAgijTMd59GutyUP5hWC8fvO', 'aKTRJXAyu1HkzGpLbMkejXHsyh9NPskyTIyHU9qvRhiHUvb4NziG2o4pUmNI', NULL, NULL, 0, '2018-02-21 22:56:38', '2018-02-21 22:56:38'),
(13, 'aaa', 'lk@gmail.com', '$2y$10$0sGOOeU0fkznmPAFAtmh2uMA3xpf7QBBeFaPN7KBNkU57wTxRxQY6', 'XcwNJGnZXzkNrLDcYfzA2mZZrirskQY3rbTbrpuwiEcW7JGwNYmuV9TiSnw8', NULL, NULL, 0, '2018-02-21 23:02:12', '2018-02-21 23:02:12'),
(14, 'Paulo Laux', 'paulo.laux@gmail.com', '$2y$10$Yl/VQ9uAB.Ij.qBVpE1LCeecxT5NJ827ZOjD2gVokmTVpLsaQtZOO', NULL, NULL, NULL, 0, '2018-02-25 17:35:30', '2018-02-25 17:35:30'),
(15, 'Rafael Silva Gomes', 'phaelsg@gmail.com', '$2y$10$xUoLaSg3yc8H8RSgWQX6jenOqYfJ.Fkmu9tfOCjr8fLu63L8zTIY.', 'NGKVOtwWBWUZRo3qjKYDgpe838TEAgToxrYoZoc05X1EawEIkZSeEnLmrS88', NULL, NULL, 0, '2018-02-25 17:48:16', '2018-02-25 17:48:16'),
(16, 'MAURICIO DE LIMA CARDOSO', 'mauriciocardoso896@gmail.com', '$2y$10$KodCheMOnJxwKRqOu8GhrOtoNffv9tHUeAt4Ul3rEYSa5Ffz45ogm', NULL, NULL, NULL, 0, '2018-02-25 18:38:40', '2018-02-25 18:38:40'),
(17, 'marck eduardo grechi e gonsalves', 'marckdemolay@gmail.com', '$2y$10$sYiYhOxoSoMuVUGR3pmzUOqlyAYYiP4Yii0eMzGWyG9eazCFA5ZI6', NULL, NULL, NULL, 0, '2018-02-26 00:20:17', '2018-02-26 00:20:17'),
(18, 'Gabriel Domene', 'domenee.g@gmail.com', '$2y$10$X55pH/Z82tqC.gKFtKkBaeRxJy7IA7yRt9NgSD208UOmKCm4VFXse', NULL, NULL, NULL, 0, '2018-02-26 00:44:48', '2018-02-26 00:44:48'),
(19, 'Bruno Wagner Abranches Barros', 'brunogzo@hotmail.com', '$2y$10$8kZx4rtKo5M4wbIRAyKMW.X1MBMtB2nszbAWXLwx0N3TMlixrhJkm', NULL, NULL, NULL, 0, '2018-02-26 00:46:14', '2018-02-26 00:46:14'),
(20, 'Luan Rodrigues Silva', 'cbluan@gmail.com', '$2y$10$x62fe97jqLvB183qQtEZpuw95oSv93U3nJR.9PyKZ4L/OncuSIsne', NULL, NULL, NULL, 0, '2018-02-26 01:39:20', '2018-02-26 01:39:20'),
(21, 'Felipe Tremel', 'ftremel@hotmail.com', '$2y$10$PixO5gB3DkXV.OoYsiy6g.dMRKQlcAY72os9OPRBIydna5dEfFEJW', NULL, NULL, NULL, 0, '2018-02-26 02:15:10', '2018-02-26 02:15:10'),
(22, 'Matheus Quiterio', 'matheus.quiterio@hotmail.com', '$2y$10$/943b7T6NPMDywxdB/fGl.yO3AIec92Yhum/2AePKOl516YLMP5D2', NULL, NULL, NULL, 0, '2018-02-26 03:45:41', '2018-02-26 03:45:41'),
(23, 'Teste Trader', 'testetrader@t.com', '$2y$10$z0EPZvmXALgEXnSGcsjNYe7B5dwNsnb35jyFxNlpvytpD2HTmBF1S', NULL, NULL, NULL, 0, '2018-02-26 15:41:49', '2018-02-26 15:41:49'),
(24, 'christiney', 'chrisgxs3@gmail.com', '$2y$10$ZA4bW4VtBOERH3MDF4cl9.22WHuX.Av6n94gcrZN.lgyCN9w7DY5C', NULL, NULL, NULL, 0, '2018-02-26 15:43:07', '2018-02-26 15:43:07'),
(25, 'Joao Kleber Silva Schuenck', 'joao_kleber@me.com', '$2y$10$a5LeB8R4d/0c43N6rBc8Q.mDoHg2H8F6Zb/NLW9Rmkas3mZ6G1n0e', NULL, NULL, NULL, 0, '2018-02-26 15:46:40', '2018-02-26 15:46:40'),
(26, 'Humberto Vilar Arouca', 'harouca@gmail.com', '$2y$10$VzGOW4Rv6HIvPUTGiEd6ouL2aD5uqAYsmLbJCikIyAiPT2jKDUS2.', NULL, NULL, NULL, 0, '2018-02-26 15:58:40', '2018-02-26 15:58:40'),
(27, 'Guilherme Mateus dos Anjos', 'gmanjos2016@gmail.com', '$2y$10$Il3qAzxJ7.PZmYHVNRHfseGj1O7/AFqH7HyfEgUzS1K4tsuQ7qtwW', NULL, NULL, NULL, 0, '2018-02-26 16:07:34', '2018-02-26 16:07:34'),
(28, 'Antonio Augusto Rodrigues Netto Filho', 'aarnf.adv@gmail.com', '$2y$10$BAOUhOOzb81nGHoJMek1nug4bY8u3vDzJcx1f69pZymfpzI8eNMum', NULL, NULL, NULL, 0, '2018-02-26 20:03:54', '2018-02-26 20:03:54'),
(29, 'Valdemberg Gomes', 'berg215@hotmail.com', '$2y$10$8U47jerR0No4.8.D4DeZHOAoqSOHJcu30KM3A6V38sB/hGQFhryL2', NULL, NULL, NULL, 0, '2018-02-26 20:06:26', '2018-02-26 20:06:26'),
(30, 'WILLIAM GONCALVES', 'goncalvesseguro@gmail.com', '$2y$10$OIrRXGi202FMduZj1KzjjezSm/DzzwnRCCwSrtoDobsbagjOAvHQu', NULL, NULL, NULL, 0, '2018-02-26 20:08:45', '2018-02-26 20:08:45'),
(31, 'Chady Chaito', 'chadychaito@gmail.com', '$2y$10$WBYqD96j2zrOCueneonQw.0X0ZgM4agcVOSguLxvT9nX1UZ1wOdau', NULL, NULL, NULL, 0, '2018-02-26 22:28:18', '2018-02-26 22:28:18');

--
-- Índices de tabelas apagadas
--

--
-- Índices de tabela `bot`
--
ALTER TABLE `bot`
  ADD PRIMARY KEY (`id`);

--
-- Índices de tabela `migrations`
--
ALTER TABLE `migrations`
  ADD PRIMARY KEY (`id`);

--
-- Índices de tabela `transactions`
--
ALTER TABLE `transactions`
  ADD PRIMARY KEY (`id`);

--
-- Índices de tabela `users`
--
ALTER TABLE `users`
  ADD PRIMARY KEY (`id`);

--
-- AUTO_INCREMENT de tabelas apagadas
--

--
-- AUTO_INCREMENT de tabela `bot`
--
ALTER TABLE `bot`
  MODIFY `id` int(10) UNSIGNED NOT NULL AUTO_INCREMENT, AUTO_INCREMENT=139;
--
-- AUTO_INCREMENT de tabela `migrations`
--
ALTER TABLE `migrations`
  MODIFY `id` int(10) UNSIGNED NOT NULL AUTO_INCREMENT, AUTO_INCREMENT=5;
--
-- AUTO_INCREMENT de tabela `transactions`
--
ALTER TABLE `transactions`
  MODIFY `id` int(10) UNSIGNED NOT NULL AUTO_INCREMENT, AUTO_INCREMENT=984;
--
-- AUTO_INCREMENT de tabela `users`
--
ALTER TABLE `users`
  MODIFY `id` int(10) UNSIGNED NOT NULL AUTO_INCREMENT, AUTO_INCREMENT=32;
/*!40101 SET CHARACTER_SET_CLIENT=@OLD_CHARACTER_SET_CLIENT */;
/*!40101 SET CHARACTER_SET_RESULTS=@OLD_CHARACTER_SET_RESULTS */;
/*!40101 SET COLLATION_CONNECTION=@OLD_COLLATION_CONNECTION */;
