2018-05-07, h
2018-05-13, h
2018-05-15, h
2018-05-18, h
2018-05-23, h
2018-05-24, h
2018-05-25, h
2018-05-28, h
2018-05-29, h
2018-05-31, h
2018-06-03, h
2018-06-03, h
2018-06-05, h
2018-06-06, h
2018-06-06, h
2018-06-07, h
2018-06-07, h
2018-06-08, h
2018-06-08, h
2018-06-09, h
2018-06-11, h
2018-06-12, h
2018-06-13, h
2018-06-17, h
2018-06-18, h
2018-06-18, h
2018-06-18, h
2018-06-22, h
2018-05-07, h
2018-05-13, h
2018-05-15, h
2018-05-18, h
2018-05-23, h
2018-05-25, h
2018-05-29, h
2018-05-31, h
2018-06-03, h
2018-06-05, h
2018-06-06, h
2018-06-07, h
2018-06-07, h
2018-06-08, h
2018-06-08, h
2018-06-09, h
2018-06-11, h
2018-06-12, h
2018-06-13, h
2018-06-18, h
2018-06-18, h
2018-06-22, h
