2017-11-19, 0,01696100, 0,01610300, -5,05866399
2017-11-20, 0,01642600, 0,01628100, -0,88274686
2017-11-20, 0,01650300, 0,01629100, -1,28461492
2017-11-21, 0,01672700, 0,01652400, -1,21360674
2017-11-22, 0,01699800, 0,01754400, 3,21214261
2017-11-22, 0,01753900, 0,01816700, 3,58059182
2017-11-24, 0,01791900, 0,01889300, 5,43557118
2017-11-25, 0,01965800, 0,01950400, -0,78339607
2017-11-29, 0,01939500, 0,01794700, -7,46584171
2017-11-30, 0,01743800, 0,01746900, 0,17777268
2017-11-30, 0,01750600, 0,01747100, -0,19993145
2017-11-30, 0,01829500, 0,01764400, -3,55834928
2017-11-30, 0,01765800, 0,01760000, -0,32846302
2017-12-01, 0,01754100, 0,01744500, -0,54728921
2017-12-01, 0,01736000, 0,01731300, -0,27073733
2017-12-01, 0,01764200, 0,01768100, 0,22106337
2017-12-01, 0,01774600, 0,01779600, 0,28175363
2017-12-01, 0,01794500, 0,01781700, -0,71329061
2017-12-01, 0,01778700, 0,01737800, -2,29943217
2017-12-01, 0,01753500, 0,01767600, 0,80410607
2017-12-04, 0,01763700, 0,01756500, -0,40823269
2017-12-04, 0,01746300, 0,01759600, 0,76161026
2017-12-04, 0,01735700, 0,01730200, -0,31687504
2017-12-04, 0,01774200, 0,01764200, -0,56363431
2017-12-04, 0,01744100, 0,01765000, 1,19832578
2017-12-06, 0,02197600, 0,01830000, -16,72733892
2017-12-11, 0,01580000, 0,01595900, 1,00632911
2017-12-15, 0,01852800, 0,01664000, -10,18998273
2017-12-15, 0,01749000, 0,01763100, 0,80617496
2017-12-15, 0,01763100, 0,01760100, -0,17015484
2017-12-15, 0,01752300, 0,01759400, 0,40518176
2017-12-15, 0,01771600, 0,01748800, -1,28697223
2017-12-16, 0,01763800, 0,01830000, 3,75326001
2017-12-16, 0,01832700, 0,01823900, -0,48016588
2017-12-18, 0,01825800, 0,01969700, 7,88147661
2017-12-22, 0,01936000, 0,02447900, 26,44111570
2017-12-22, 0,02579900, 0,02476900, -3,99240281
2017-12-22, 0,02422900, 0,02422900, 0,00000000
2017-12-24, 0,02416900, 0,02420400, 0,14481360
2017-12-24, 0,02415400, 0,02437500, 0,91496233
2017-12-25, 0,02458800, 0,02464300, 0,22368635
2017-12-25, 0,02449100, 0,02456900, 0,31848434
2017-12-25, 0,02405100, 0,02436700, 1,31387468
2017-12-28, 0,02399500, 0,02524700, 5,21775370
2017-12-30, 0,02509200, 0,02402300, -4,26032201
2017-12-31, 0,02466000, 0,02442100, -0,96918086
2018-01-02, 0,02637500, 0,02464800, -6,54786730
2018-01-03, 0,02516000, 0,02500300, -0,62400636
2018-01-03, 0,02532800, 0,02550900, 0,71462413
2018-01-03, 0,02518600, 0,02527100, 0,33748908
2018-01-03, 0,02524500, 0,02520800, -0,14656368
2018-01-03, 0,02531800, 0,02552100, 0,80180109
2018-01-03, 0,02547900, 0,02537900, -0,39248008
2018-01-08, 0,02519700, 0,02700000, 7,15561376
2018-01-11, 0,02700000, 0,02671000, -1,07407407
2018-01-16, 0,02990200, 0,02910000, -2,68209484
2018-01-17, 0,02859000, 0,02912300, 1,86428821
2018-01-17, 0,02938800, 0,02958000, 0,65332789
2018-01-17, 0,02923700, 0,02911700, -0,41043883
2018-01-17, 0,02832200, 0,02805300, -0,94979168
2018-01-20, 0,02857200, 0,03173100, 11,05627887
2018-01-21, 0,03137700, 0,03002800, -4,29932753
2018-01-21, 0,03024900, 0,03017100, -0,25785976
2018-01-21, 0,03029600, 0,03019900, -0,32017428
2018-01-21, 0,03020000, 0,02982300, -1,24834437
2018-01-21, 0,02990000, 0,03004900, 0,49832776
2018-01-21, 0,03009000, 0,02995800, -0,43868395
2018-01-21, 0,03012400, 0,03014000, 0,05311380
2018-01-21, 0,03019100, 0,03005800, -0,44052863
2018-01-22, 0,02989400, 0,02975100, -0,47835686
2018-01-27, 0,02885600, 0,02832900, -1,82630995
2018-01-28, 0,02849900, 0,02820000, -1,04915962
2018-01-28, 0,02830800, 0,02831900, 0,03885827
2018-01-28, 0,02842900, 0,02849400, 0,22863977
2018-01-28, 0,02849400, 0,02838000, -0,40008423
2018-01-28, 0,02830000, 0,02798600, -1,10954064
2018-01-29, 0,02828300, 0,02846000, 0,62581763
2018-01-29, 0,02845700, 0,02818600, -0,95231402
2018-02-04, 0,02745500, 0,02766400, 0,76124567
2018-02-05, 0,02766200, 0,02613600, -5,51659316
2018-02-09, 0,02934700, 0,02962100, 0,93365591
2018-02-09, 0,02958800, 0,02980700, 0,74016493
2018-02-11, 0,02970000, 0,02776900, -6,50168350
2018-02-11, 0,02861300, 0,02792200, -2,41498620
2018-02-12, 0,02811700, 0,02836100, 0,86780240
2018-02-16, 0,02835900, 0,02808100, -0,98028844
2018-02-18, 0,02897100, 0,02849900, -1,62921542
2018-02-18, 0,02897100, 0,02849900, -1,62921542
2018-02-18, 0,02897100, 0,02855100, -1,44972559
2018-02-18, 0,02897100, 0,02843900, -1,83631908
2018-02-18, 0,02897100, 0,02822000, -2,59224742
2018-02-18, 0,02897100, 0,02830400, -2,30230230
2018-02-18, 0,02897100, 0,02824300, -2,51285769
2018-02-18, 0,02897100, 0,02833200, -2,20565393
2018-02-18, 0,02897100, 0,02833500, -2,19529875
2018-02-18, 0,02897100, 0,02900600, 0,12081047
2018-02-18, 0,02897100, 0,02873600, -0,81115598
2018-02-18, 0,02897100, 0,02839800, -1,97783991
2018-02-18, 0,02897100, 0,02825000, -2,48869559
2018-02-18, 0,02897100, 0,02863000, -1,17703911
2018-02-18, 0,02897100, 0,02856500, -1,40140140
2018-02-18, 0,02897100, 0,02861400, -1,23226675
2018-02-18, 0,02897100, 0,02863100, -1,17358738
2018-02-18, 0,02897100, 0,02825700, -2,46453350
2018-02-18, 0,02897100, 0,02823100, -2,55427842
2018-02-18, 0,02897100, 0,02814000, -2,86838563
2018-02-18, 0,02897100, 0,02817800, -2,73721998
2018-02-18, 0,02897100, 0,02828400, -2,37133685
2018-02-18, 0,02897100, 0,02822600, -2,57153705
2018-02-18, 0,02897100, 0,02826400, -2,44037141
2018-02-19, 0,02897100, 0,02813200, -2,89599945
2018-02-19, 0,02897100, 0,02849800, -1,63266715
2018-02-19, 0,02897100, 0,02867300, -1,02861482
2018-02-19, 0,02897100, 0,02858500, -1,33236685
2018-02-19, 0,02897100, 0,02888200, -0,30720376
2018-02-19, 0,02897100, 0,02833600, -2,19184702
2018-02-19, 0,02897100, 0,02854900, -1,45662904
2018-02-19, 0,02897100, 0,02829400, -2,33681958
2018-02-19, 0,02897100, 0,02828300, -2,37478858
2018-02-19, 0,02897100, 0,02825400, -2,47488868
2018-02-19, 0,02897100, 0,02846600, -1,74312243
2018-02-19, 0,02897100, 0,02850400, -1,61195678
2018-02-19, 0,02897100, 0,02840900, -1,93987091
2018-02-19, 0,02897100, 0,02819500, -2,67854061
2018-02-19, 0,02897100, 0,02826600, -2,43346795
2018-02-19, 0,02897100, 0,02824400, -2,50940596
2018-02-19, 0,02897100, 0,02820200, -2,65437852
2018-02-19, 0,02897100, 0,02818000, -2,73031652
2018-02-19, 0,02897100, 0,02809700, -3,01680991
2018-02-19, 0,02897100, 0,02807100, -3,10655483
2018-02-19, 0,02897100, 0,02830000, -2,31610921
2018-02-19, 0,02897100, 0,02814400, -2,85457872
2018-02-19, 0,02897100, 0,02772300, -4,30775603
2018-02-19, 0,02897100, 0,02759400, -4,75302889
2018-02-20, 0,02897100, 0,02750600, -5,05678092
2018-02-20, 0,02897100, 0,02737200, -5,51931242
2018-02-20, 0,02897100, 0,02769000, -4,42166304
2018-02-20, 0,02897100, 0,02772000, -4,31811121
2018-02-20, 0,02897100, 0,02754400, -4,92561527
2018-02-20, 0,02897100, 0,02735100, -5,59179870
2018-02-20, 0,02897100, 0,02740000, -5,42266404
2018-02-20, 0,02897100, 0,02730800, -5,74022298
2018-02-20, 0,02897100, 0,02737400, -5,51240896
2018-02-20, 0,02897100, 0,02727300, -5,86103345
2018-02-20, 0,02897100, 0,02715700, -6,26143385
2018-02-20, 0,02897100, 0,02716700, -6,22691657
2018-02-20, 0,02897100, 0,02718700, -6,15788202
2018-02-20, 0,02897100, 0,02715200, -6,27869249
2018-02-20, 0,02897100, 0,02702600, -6,71361016
2018-02-20, 0,02897100, 0,02699100, -6,83442063
2018-02-20, 0,02897100, 0,02709900, -6,46163405
2018-02-20, 0,02897100, 0,02695600, -6,95523109
2018-02-20, 0,02897100, 0,02663300, -8,07013910
2018-02-20, 0,02897100, 0,02644500, -8,71906389
2018-02-20, 0,02897100, 0,02646400, -8,65348107
2018-02-20, 0,02897100, 0,02656900, -8,29104967
2018-02-20, 0,02897100, 0,02619700, -9,57509233
2018-02-20, 0,02897100, 0,02645300, -8,69145007
2018-02-21, 0,02897100, 0,02651400, -8,48089469
2018-02-21, 0,02897100, 0,02628700, -9,26443685
2018-02-21, 0,02897100, 0,02625500, -9,37489213
2018-02-21, 0,02897100, 0,02699800, -6,81025853
2018-02-21, 0,02897100, 0,02680000, -7,49370060
2018-02-21, 0,02897100, 0,02717400, -6,20275448
2018-02-22, 0,02897100, 0,02786300, -3,82451417
2018-02-22, 0,02897100, 0,02763000, -4,62876670
2018-02-22, 0,02897100, 0,02730500, -5,75057816
2018-02-23, 0,02897100, 0,02736300, -5,55037796
2018-02-23, 0,02897100, 0,02748900, -5,11546029
2018-02-23, 0,02897100, 0,02779500, -4,05923165
2018-02-23, 0,02897100, 0,02773100, -4,28014221
2018-02-23, 0,02897100, 0,02784200, -3,89700045
2018-02-23, 0,02897100, 0,02779700, -4,05232819
2018-02-23, 0,02897100, 0,02752700, -4,98429464
2018-02-23, 0,02897100, 0,02776000, -4,18004211
2018-02-23, 0,02897100, 0,02783600, -3,91771081
2018-02-23, 0,02897100, 0,02764600, -4,57353906
2018-02-23, 0,02897100, 0,02747700, -5,15688102
2018-02-23, 0,02897100, 0,02753000, -4,97393946
2018-02-23, 0,02897100, 0,02748600, -5,12581547
2018-02-23, 0,02897100, 0,02725400, -5,92661627
2018-02-23, 0,02897100, 0,02731900, -5,70225398
2018-02-23, 0,02897100, 0,02723200, -6,00255428
2018-02-23, 0,02897100, 0,02741200, -5,38124331
2018-02-23, 0,02897100, 0,02752200, -5,00155328
2018-02-23, 0,02897100, 0,02727900, -5,84032308
2018-02-24, 0,02897100, 0,02700200, -6,79645162
2018-02-24, 0,02897100, 0,02703000, -6,69980325
2018-02-24, 0,02897100, 0,02760100, -4,72886680
2018-02-24, 0,02897100, 0,02731900, -5,70225398
2018-02-24, 0,02897100, 0,02714000, -6,32011322
2018-02-24, 0,02897100, 0,02717900, -6,18549584
2018-02-24, 0,02897100, 0,02714100, -6,31666149
2018-02-24, 0,02897100, 0,02705000, -6,63076870
2018-02-24, 0,02897100, 0,02713500, -6,33737185
2018-02-24, 0,02897100, 0,02746500, -5,19830175
2018-02-24, 0,02897100, 0,02746400, -5,20175348
2018-02-24, 0,02897100, 0,02758000, -4,80135308
2018-02-24, 0,02897100, 0,02762200, -4,65638052
2018-02-24, 0,02897100, 0,02781100, -4,00400400
2018-02-24, 0,02897100, 0,02779300, -4,06613510
2018-02-24, 0,02897100, 0,02754700, -4,91526009
2018-02-24, 0,02897100, 0,02764300, -4,58389424
2018-02-24, 0,02897100, 0,02767400, -4,47689068
2018-02-24, 0,02897100, 0,02773800, -4,25598012
2018-02-25, 0,02897100, 0,02859400, -1,30130130
2018-02-25, 0,02897100, 0,02887500, -0,33136585
2018-02-25, 0,02897100, 0,02906000, 0,30720376
2018-02-27, 0,02897100, 0,02798000, -3,42066204
2018-02-27, 0,02897100, 0,02786100, -3,83141762
2018-02-27, 0,02897100, 0,02791700, -3,63812088
2018-02-27, 0,02897100, 0,02793000, -3,59324842
2018-02-27, 0,02897100, 0,02790100, -3,69334852
2018-02-27, 0,02897100, 0,02810300, -2,99609955
2018-02-27, 0,02897100, 0,02817900, -2,73376825
2018-02-27, 0,02897100, 0,02811400, -2,95813054
2018-02-27, 0,02897100, 0,02825500, -2,47143695
2018-02-27, 0,02897100, 0,02787200, -3,79344862
2018-02-27, 0,02897100, 0,02786100, -3,83141762
2018-02-28, 0,02897100, 0,02797300, -3,44482413
2018-02-28, 0,02897100, 0,02764800, -4,56663560
2018-02-28, 0,02897100, 0,02772600, -4,29740085
2018-02-28, 0,02897100, 0,02762300, -4,65292879
2018-02-28, 0,02897100, 0,02750000, -5,07749128
2018-02-28, 0,02897100, 0,02771800, -4,32501467
2018-02-28, 0,02897100, 0,02788600, -3,74512443
2018-02-28, 0,02897100, 0,02770200, -4,38024231
2018-02-28, 0,02897100, 0,02759700, -4,74267371
2018-02-28, 0,02897100, 0,02759700, -4,74267371
2018-02-28, 0,02897100, 0,02751200, -5,03607055
2018-02-28, 0,02897100, 0,02754500, -4,92216354
2018-02-28, 0,02897100, 0,02764800, -4,56663560
2018-02-28, 0,02897100, 0,02767100, -4,48724587
2018-02-28, 0,02897100, 0,02751200, -5,03607055
2018-02-28, 0,02897100, 0,02737000, -5,52621587
2018-02-28, 0,02897100, 0,02745300, -5,23972248
2018-02-28, 0,02897100, 0,02766700, -4,50105278
2018-02-28, 0,02897100, 0,02750200, -5,07058783
2018-02-28, 0,02897100, 0,02756100, -4,86693590
2018-02-28, 0,02897100, 0,02749800, -5,08439474
2018-02-28, 0,02897100, 0,02748900, -5,11546029
2018-02-28, 0,02897100, 0,02740800, -5,39505022
2018-02-28, 0,02897100, 0,02737800, -5,49860205
2018-03-01, 0,02897100, 0,02748700, -5,12236374
2018-03-01, 0,02897100, 0,02756000, -4,87038763
2018-03-01, 0,02897100, 0,02772600, -4,29740085
2018-03-01, 0,02897100, 0,02751700, -5,01881192
2018-03-01, 0,02897100, 0,02786600, -3,81415899
2018-03-01, 0,02897100, 0,02797600, -3,43446895
2018-03-01, 0,02897100, 0,02769100, -4,41821131
2018-03-01, 0,02897100, 0,02770200, -4,38024231
2018-03-01, 0,02897100, 0,02761400, -4,68399434
2018-03-01, 0,02897100, 0,02750200, -5,07058783
2018-03-01, 0,02897100, 0,02764500, -4,57699078
2018-03-01, 0,02897100, 0,02786600, -3,81415899
2018-03-08, 0,02897100, 0,03151000, 8,76393635
2018-03-08, 0,02897100, 0,03169800, 9,41286114
2018-03-08, 0,02897100, 0,03166400, 9,29550240
2018-03-08, 0,02897100, 0,03147000, 8,62586725
2018-03-08, 0,02897100, 0,03135000, 8,21165994
2018-03-08, 0,02897100, 0,03141300, 8,42911877
2018-03-08, 0,02897100, 0,03151000, 8,76393635
2018-03-08, 0,02897100, 0,03111200, 7,39014877
2018-03-08, 0,02897100, 0,03118700, 7,64902834
2018-03-08, 0,02897100, 0,03084700, 6,47544096
2018-03-08, 0,02897100, 0,03011500, 3,94877636
2018-03-08, 0,02897100, 0,02933800, 1,26678403
2018-03-08, 0,02897100, 0,02954000, 1,96403300
2018-03-08, 0,02897100, 0,02948400, 1,77073625
2018-03-08, 0,02897100, 0,02984100, 3,00300300
2018-03-08, 0,02897100, 0,03022500, 4,32846640
2018-03-09, 0,02897100, 0,02899600, 0,08629319
2018-03-09, 0,02897100, 0,02900100, 0,10355183
2018-03-09, 0,02897100, 0,02862000, -1,21155638
2018-03-09, 0,02897100, 0,02864800, -1,11490801
2018-03-09, 0,02897100, 0,02952100, 1,89845017
2018-03-09, 0,02897100, 0,02928000, 1,06658383
2018-03-09, 0,02897100, 0,02895300, -0,06213110
2018-03-09, 0,02897100, 0,02852100, -1,55327742
2018-03-09, 0,02897100, 0,02949200, 1,79835007
2018-03-09, 0,02897100, 0,02934800, 1,30130130
2018-03-09, 0,02897100, 0,03009000, 3,86248317
2018-03-09, 0,02897100, 0,03000000, 3,55182769
2018-03-09, 0,02897100, 0,02970500, 2,53356805
2018-03-09, 0,02897100, 0,02926600, 1,01825964
2018-03-09, 0,02897100, 0,02900000, 0,10010010
2018-03-09, 0,02897100, 0,02941900, 1,54637396
2018-03-09, 0,02897100, 0,02945000, 1,65337752
2018-03-09, 0,02897100, 0,02958700, 2,12626420
2018-03-09, 0,02897100, 0,02959800, 2,16423320
2018-03-09, 0,02897100, 0,02982500, 2,94777536
2018-03-09, 0,02897100, 0,02984500, 3,01680991
2018-03-09, 0,02897100, 0,03073000, 6,07158883
2018-03-09, 0,02897100, 0,03084300, 6,46163405
2018-03-09, 0,02897100, 0,03085300, 6,49615132
2018-03-10, 0,02897100, 0,03069700, 5,95768182
2018-03-10, 0,02897100, 0,02945100, 1,65682924
2018-03-10, 0,02897100, 0,02930300, 1,14597356
2018-03-10, 0,02897100, 0,02912600, 0,53501778
2018-03-10, 0,02897100, 0,02893200, -0,13461738
2018-03-10, 0,02897100, 0,02890200, -0,23816920
2018-03-10, 0,02897100, 0,02879900, -0,59369715
2018-03-10, 0,02897100, 0,02895400, -0,05867937
2018-03-11, 0,02897100, 0,02932900, 1,23571848
2018-03-11, 0,02897100, 0,02912100, 0,51775914
2018-03-11, 0,02897100, 0,02917000, 0,68689379
2018-03-11, 0,02897100, 0,02937200, 1,38414276
2018-03-11, 0,02897100, 0,02924700, 0,95267681
2018-03-11, 0,02897100, 0,02914400, 0,59714887
2018-03-11, 0,02897100, 0,02941000, 1,51530841
2018-03-11, 0,02897100, 0,02943200, 1,59124642
2018-03-11, 0,02897100, 0,02944300, 1,62921542
2018-03-11, 0,02897100, 0,02920000, 0,79044562
2018-03-11, 0,02897100, 0,02908700, 0,40040040
2018-03-11, 0,02897100, 0,02905000, 0,27268648
2018-03-11, 0,02897100, 0,02912200, 0,52121087
2018-03-11, 0,02897100, 0,02905700, 0,29684857
2018-03-11, 0,02897100, 0,02892600, -0,15532774
2018-03-11, 0,02897100, 0,02921900, 0,85602844
2018-03-11, 0,02897100, 0,02916600, 0,67308688
2018-03-11, 0,02897100, 0,02941200, 1,52221187
2018-03-11, 0,02897100, 0,02931500, 1,18739429
2018-03-11, 0,02897100, 0,02958700, 2,12626420
2018-03-11, 0,02897100, 0,02935700, 1,33236685
2018-03-11, 0,02897100, 0,02939000, 1,44627386
2018-03-11, 0,02897100, 0,02924000, 0,92851472
2018-03-11, 0,02897100, 0,02934800, 1,30130130
2018-03-12, 0,02897100, 0,02913300, 0,55917987
2018-03-12, 0,02897100, 0,02905200, 0,27958993
2018-03-12, 0,02897100, 0,02904700, 0,26233130
2018-03-12, 0,02897100, 0,02912600, 0,53501778
2018-03-12, 0,02897100, 0,02919400, 0,76973525
2018-03-12, 0,02897100, 0,02927900, 1,06313210
2018-03-12, 0,02897100, 0,02930300, 1,14597356
2018-03-12, 0,02897100, 0,02889500, -0,26233130
2018-03-12, 0,02897100, 0,02881300, -0,54537296
2018-03-12, 0,02897100, 0,02874200, -0,79044562
2018-03-12, 0,02897100, 0,02869300, -0,95958027
2018-03-12, 0,02897100, 0,02811000, -2,97193745
2018-03-12, 0,02897100, 0,02811500, -2,95467882
2018-03-12, 0,02897100, 0,02828900, -2,35407822
2018-03-12, 0,02897100, 0,02809100, -3,03752028
2018-03-12, 0,02897100, 0,02794000, -3,55873114
2018-03-12, 0,02897100, 0,02790000, -3,69680025
2018-03-12, 0,02897100, 0,02809600, -3,02026164
2018-03-12, 0,02897100, 0,02828600, -2,36443340
2018-03-12, 0,02897100, 0,02820100, -2,65783024
2018-03-12, 0,02897100, 0,02826300, -2,44382313
2018-03-12, 0,02897100, 0,02816800, -2,77173725
2018-03-12, 0,02897100, 0,02789100, -3,72786580
2018-03-12, 0,02897100, 0,02804200, -3,20665493
2018-03-13, 0,02897100, 0,02813300, -2,89254772
2018-03-13, 0,02897100, 0,02814700, -2,84422353
2018-03-13, 0,02897100, 0,02793700, -3,56908633
2018-03-13, 0,02897100, 0,02810100, -3,00300300
2018-03-13, 0,02897100, 0,02819900, -2,66473370
2018-03-13, 0,02897100, 0,02796500, -3,47243796
2018-03-13, 0,02897100, 0,02789100, -3,72786580
2018-03-13, 0,02897100, 0,02806000, -3,14452383
2018-03-13, 0,02897100, 0,02800700, -3,32746540
2018-03-13, 0,02897100, 0,02787900, -3,76928653
2018-03-13, 0,02897100, 0,02776600, -4,15933175
2018-03-13, 0,02897100, 0,02762700, -4,63912188
2018-03-13, 0,02897100, 0,02751800, -5,01536019
2018-03-13, 0,02897100, 0,02743000, -5,31911222
2018-03-13, 0,02897100, 0,02717400, -6,20275448
2018-03-13, 0,02897100, 0,02740000, -5,42266404
2018-03-13, 0,02897100, 0,02722900, -6,01290946
2018-03-13, 0,02897100, 0,02704600, -6,64457561
2018-03-13, 0,02897100, 0,02717400, -6,20275448
2018-03-13, 0,02897100, 0,02726300, -5,89555072
2018-03-13, 0,02897100, 0,02711200, -6,41676159
2018-03-13, 0,02897100, 0,02692400, -7,06568638
2018-03-13, 0,02897100, 0,02680400, -7,47989369
2018-03-13, 0,02897100, 0,02682800, -7,39705222
2018-03-14, 0,02897100, 0,02696000, -6,94142418
2018-03-14, 0,02897100, 0,02699900, -6,80680681
2018-03-14, 0,02897100, 0,02696100, -6,93797246
2018-03-14, 0,02897100, 0,02695800, -6,94832764
2018-03-14, 0,02897100, 0,02697700, -6,88274481
2018-03-14, 0,02897100, 0,02706500, -6,57899279
2018-03-14, 0,02897100, 0,02738200, -5,48479514
2018-03-14, 0,02897100, 0,02718700, -6,15788202
2018-03-14, 0,02897100, 0,02694500, -6,99320010
2018-03-14, 0,02897100, 0,02676600, -7,61105934
2018-03-14, 0,02897100, 0,02678000, -7,56273515
2018-03-14, 0,02897100, 0,02653300, -8,41531186
2018-03-14, 0,02897100, 0,02656100, -8,31866349
2018-03-14, 0,02897100, 0,02647000, -8,63277070
2018-03-14, 0,02897100, 0,02620300, -9,55438197
2018-03-14, 0,02897100, 0,02599200, -10,28269649
2018-03-14, 0,02897100, 0,02595400, -10,41386214
2018-03-14, 0,02897100, 0,02582000, -10,87639364
2018-03-14, 0,02897100, 0,02572200, -11,21466294
2018-03-14, 0,02897100, 0,02572500, -11,20430776
2018-03-14, 0,02897100, 0,02577200, -11,04207656
2018-03-14, 0,02897100, 0,02609600, -9,92371682
2018-03-14, 0,02897100, 0,02587500, -10,68654862
2018-03-14, 0,02897100, 0,02580100, -10,94197646
2018-03-15, 0,02897100, 0,02530300, -12,66093680
2018-03-15, 0,02897100, 0,02509400, -13,38234787
2018-03-15, 0,02897100, 0,02607700, -9,98929964
2018-03-15, 0,02897100, 0,02649500, -8,54647751
2018-03-15, 0,02897100, 0,02630200, -9,21266094
2018-03-15, 0,02897100, 0,02633600, -9,09530220
2018-03-15, 0,02897100, 0,02658200, -8,24617721
2018-03-15, 0,02897100, 0,02719500, -6,13026820
2018-03-15, 0,02897100, 0,02682100, -7,42121432
2018-03-15, 0,02897100, 0,02691900, -7,08294501
2018-03-15, 0,02897100, 0,02610100, -9,90645818
2018-03-15, 0,02897100, 0,02625600, -9,37144041
2018-03-15, 0,02897100, 0,02631200, -9,17814366
2018-03-15, 0,02897100, 0,02610700, -9,88574782
2018-03-15, 0,02897100, 0,02605800, -10,05488247
2018-03-15, 0,02897100, 0,02599400, -10,27579303
2018-03-15, 0,02897100, 0,02606800, -10,02036519
2018-03-15, 0,02897100, 0,02583700, -10,81771427
2018-03-15, 0,02897100, 0,02611100, -9,87194091
2018-03-15, 0,02897100, 0,02590000, -10,60025543
2018-03-15, 0,02897100, 0,02572500, -11,20430776
2018-03-15, 0,02897100, 0,02568000, -11,35963550
2018-03-15, 0,02897100, 0,02566400, -11,41486314
2018-03-15, 0,02897100, 0,02546100, -12,11556384
2018-03-16, 0,02897100, 0,02571700, -11,23192158
2018-03-16, 0,02897100, 0,02544300, -12,17769494
2018-03-16, 0,02897100, 0,02525000, -12,84387836
2018-03-16, 0,02897100, 0,02532700, -12,57809534
2018-03-16, 0,02897100, 0,02532000, -12,60225743
2018-03-16, 0,02897100, 0,02512300, -13,28224777
2018-03-16, 0,02897100, 0,02515800, -13,16143730
2018-03-16, 0,02897100, 0,02520000, -13,01646474
2018-03-16, 0,02897100, 0,02517100, -13,11656484
2018-03-16, 0,02897100, 0,02508800, -13,40305823
2018-03-16, 0,02897100, 0,02510100, -13,35818577
2018-03-16, 0,02897100, 0,02494900, -13,88284837
2018-03-16, 0,02897100, 0,02521900, -12,95088192
2018-03-16, 0,02897100, 0,02589300, -10,62441752
2018-03-16, 0,02897100, 0,02543600, -12,20185703
2018-03-16, 0,02897100, 0,02569300, -11,31476304
2018-03-16, 0,02897100, 0,02541500, -12,27434331
2018-03-16, 0,02897100, 0,02550000, -11,98094646
2018-03-16, 0,02897100, 0,02569100, -11,32166649
2018-03-16, 0,02897100, 0,02570400, -11,27679404
2018-03-16, 0,02897100, 0,02581800, -10,88329709
2018-03-16, 0,02897100, 0,02593900, -10,46563805
2018-03-16, 0,02897100, 0,02560500, -11,61851507
2018-03-16, 0,02897100, 0,02579800, -10,95233164
2018-03-17, 0,02897100, 0,02591400, -10,55193124
2018-03-17, 0,02897100, 0,02584700, -10,78319699
2018-03-17, 0,02897100, 0,02594000, -10,46218632
2018-03-17, 0,02897100, 0,02589200, -10,62786925
2018-03-17, 0,02897100, 0,02592200, -10,52431742
2018-03-17, 0,02897100, 0,02594600, -10,44147596
2018-03-17, 0,02897100, 0,02582000, -10,87639364
2018-03-17, 0,02897100, 0,02572500, -11,20430776
2018-03-17, 0,02897100, 0,02573700, -11,16288702
2018-03-17, 0,02897100, 0,02575500, -11,10075593
2018-03-17, 0,02897100, 0,02557900, -11,70825998
2018-03-17, 0,02897100, 0,02547300, -12,07414311
2018-03-17, 0,02897100, 0,02521300, -12,97159228
2018-03-17, 0,02897100, 0,02501900, -13,64122743
2018-03-17, 0,02897100, 0,02501300, -13,66193780
2018-03-17, 0,02897100, 0,02500000, -13,70681026
2018-03-17, 0,02897100, 0,02493900, -13,91736564
2018-03-17, 0,02897100, 0,02476700, -14,51106279
2018-03-17, 0,02897100, 0,02479800, -14,40405923
2018-03-17, 0,02897100, 0,02475100, -14,56629043
2018-03-17, 0,02897100, 0,02484200, -14,25218322
2018-03-17, 0,02897100, 0,02500900, -13,67574471
2018-03-17, 0,02897100, 0,02472900, -14,64222844
2018-03-17, 0,02897100, 0,02488700, -14,09685548
2018-03-18, 0,02897100, 0,02479000, -14,43167305
2018-03-18, 0,02897100, 0,02467800, -14,81826654
2018-03-18, 0,02897100, 0,02462500, -15,00120810
2018-03-18, 0,02897100, 0,02454200, -15,28770149
2018-03-18, 0,02897100, 0,02459400, -15,10821166
2018-03-18, 0,02897100, 0,02446300, -15,56038797
2018-03-18, 0,02897100, 0,02429400, -16,14372994
2018-03-18, 0,02897100, 0,02418400, -16,52341997
2018-03-18, 0,02897100, 0,02417200, -16,56484070
2018-03-18, 0,02897100, 0,02407600, -16,89620655
2018-03-18, 0,02897100, 0,02404700, -16,99630665
2018-03-18, 0,02897100, 0,02400100, -17,15508612
2018-03-18, 0,02897100, 0,02390700, -17,47954851
2018-03-18, 0,02897100, 0,02370200, -18,18715267
2018-03-18, 0,02897100, 0,02373000, -18,09050430
2018-03-18, 0,02897100, 0,02434700, -15,96078837
2018-03-18, 0,02897100, 0,02454200, -15,28770149
2018-03-18, 0,02897100, 0,02434100, -15,98149874
2018-03-18, 0,02897100, 0,02436600, -15,89520555
2018-03-18, 0,02897100, 0,02509500, -13,37889614
2018-03-18, 0,02897100, 0,02476000, -14,53522488
2018-03-19, 0,02897100, 0,02490600, -14,03127265
2018-03-19, 0,02897100, 0,02472300, -14,66293880
2018-03-19, 0,02897100, 0,02495500, -13,86213800
2018-03-21, 0,02897100, 0,02449800, -15,43957751
2018-03-21, 0,02897100, 0,02440000, -15,77784681
2018-03-21, 0,02897100, 0,02459200, -15,11511512
2018-03-21, 0,02897100, 0,02455500, -15,24282904
2018-03-21, 0,02897100, 0,02443500, -15,65703635
2018-03-21, 0,02897100, 0,02444800, -15,61216389
2018-03-21, 0,02897100, 0,02447700, -15,51206379
2018-03-21, 0,02897100, 0,02457200, -15,18414967
2018-03-22, 0,02897100, 0,02456000, -15,22557040
2018-03-22, 0,02897100, 0,02458700, -15,13237375
2018-03-22, 0,02897100, 0,02456100, -15,22211867
2018-03-22, 0,02897100, 0,02452700, -15,33947741
2018-03-22, 0,02897100, 0,02445200, -15,59835698
2018-03-22, 0,02897100, 0,02437700, -15,85723655
2018-03-22, 0,02897100, 0,02449300, -15,45683615
2018-03-22, 0,02897100, 0,02432200, -16,04708156
2018-03-22, 0,02897100, 0,02435600, -15,92972283
2018-03-22, 0,02897100, 0,02440800, -15,75023299
2018-03-22, 0,02897100, 0,02444900, -15,60871216
2018-03-22, 0,02897100, 0,02413900, -16,67874771
2018-03-22, 0,02897100, 0,02389000, -17,53822788
2018-03-22, 0,02897100, 0,02400100, -17,15508612
2018-03-22, 0,02897100, 0,02407000, -16,91691692
2018-03-22, 0,02897100, 0,02411900, -16,74778227
2018-03-22, 0,02897100, 0,02408200, -16,87549619
2018-03-22, 0,02897100, 0,02406700, -16,92727210
2018-03-22, 0,02897100, 0,02399900, -17,16198958
2018-03-22, 0,02897100, 0,02402000, -17,08950330
2018-03-22, 0,02897100, 0,02410800, -16,78575127
2018-03-22, 0,02897100, 0,02430100, -16,11956784
2018-03-22, 0,02897100, 0,02412200, -16,73742708
2018-03-22, 0,02897100, 0,02393100, -17,39670705
2018-03-23, 0,02897100, 0,02383200, -17,73842808
2018-03-23, 0,02897100, 0,02388000, -17,57274516
2018-03-23, 0,02897100, 0,02398400, -17,21376549
2018-03-23, 0,02897100, 0,02381300, -17,80401091
2018-03-23, 0,02897100, 0,02380400, -17,83507646
2018-03-23, 0,02897100, 0,02383200, -17,73842808
2018-03-23, 0,02897100, 0,02384200, -17,70391081
2018-03-23, 0,02897100, 0,02382500, -17,76259018
2018-03-23, 0,02897100, 0,02370600, -18,17334576
2018-03-23, 0,02897100, 0,02376500, -17,96969383
2018-03-23, 0,02897100, 0,02374800, -18,02837320
2018-03-23, 0,02897100, 0,02433800, -15,99185392
2018-03-23, 0,02897100, 0,02461500, -15,03572538
2018-03-23, 0,02897100, 0,02465000, -14,91491491
2018-03-23, 0,02897100, 0,02441200, -15,73642608
2018-03-23, 0,02897100, 0,02437300, -15,87104346
2018-03-23, 0,02897100, 0,02441900, -15,71226399
2018-03-23, 0,02897100, 0,02417800, -16,54413034
2018-03-23, 0,02897100, 0,02406200, -16,94453074
2018-03-23, 0,02897100, 0,02397900, -17,23102413
2018-03-24, 0,02897100, 0,02410500, -16,79610645
2018-03-24, 0,02897100, 0,02404000, -17,02046874
2018-03-24, 0,02897100, 0,02405600, -16,96524110
2018-03-24, 0,02897100, 0,02409700, -16,82372027
2018-03-24, 0,02897100, 0,02406600, -16,93072383
2018-03-24, 0,02897100, 0,02415000, -16,64077871
2018-03-24, 0,02897100, 0,02408200, -16,87549619
2018-03-24, 0,02897100, 0,02404900, -16,98940320
2018-03-24, 0,02897100, 0,02398700, -17,20341031
2018-03-24, 0,02897100, 0,02397900, -17,23102413
2018-03-24, 0,02897100, 0,02398900, -17,19650685
2018-03-24, 0,02897100, 0,02398200, -17,22066894
2018-03-24, 0,02897100, 0,02408800, -16,85478582
2018-03-24, 0,02897100, 0,02408000, -16,88239964
2018-03-24, 0,02897100, 0,02402400, -17,07569639
2018-03-24, 0,02897100, 0,02408700, -16,85823755
2018-03-24, 0,02897100, 0,02416500, -16,58900280
2018-03-24, 0,02897100, 0,02424200, -16,32321977
2018-03-24, 0,02897100, 0,02403900, -17,02392047
2018-03-24, 0,02897100, 0,02400200, -17,15163439
2018-03-25, 0,02897100, 0,02408100, -16,87894791
2018-03-25, 0,02897100, 0,02403100, -17,05153429
2018-03-25, 0,02897100, 0,02404700, -16,99630665
2018-03-25, 0,02897100, 0,02405600, -16,96524110
2018-03-25, 0,02897100, 0,02406700, -16,92727210
2018-03-25, 0,02897100, 0,02391000, -17,46919333
2018-03-25, 0,02897100, 0,02399100, -17,18960340
2018-03-25, 0,02897100, 0,02397100, -17,25863795
2018-03-25, 0,02897100, 0,02403100, -17,05153429
2018-03-25, 0,02897100, 0,02399600, -17,17234476
2018-03-25, 0,02897100, 0,02413500, -16,69255462
2018-03-25, 0,02897100, 0,02414400, -16,66148908
2018-03-25, 0,02897100, 0,02422000, -16,39915778
2018-03-25, 0,02897100, 0,02414000, -16,67529599
2018-03-25, 0,02897100, 0,02420200, -16,46128888
2018-03-25, 0,02897100, 0,02424800, -16,30250941
2018-03-25, 0,02897100, 0,02460400, -15,07369438
2018-03-25, 0,02897100, 0,02467500, -14,82862173
2018-03-25, 0,02897100, 0,02476500, -14,51796624
2018-03-25, 0,02897100, 0,02491600, -13,99675538
2018-03-25, 0,02897100, 0,02497200, -13,80345863
2018-03-25, 0,02897100, 0,02457600, -15,17034276
2018-03-26, 0,02897100, 0,02402700, -17,06534120
2018-03-26, 0,02897100, 0,02397100, -17,25863795
2018-03-26, 0,02897100, 0,02397200, -17,25518622
2018-03-26, 0,02897100, 0,02396900, -17,26554140
2018-03-26, 0,02897100, 0,02396700, -17,27244486
2018-03-26, 0,02897100, 0,02408800, -16,85478582
2018-03-26, 0,02897100, 0,02388600, -17,55203479
2018-03-26, 0,02897100, 0,02379700, -17,85923855
2018-03-26, 0,02897100, 0,02381500, -17,79710745
2018-03-26, 0,02897100, 0,02391800, -17,44157951
2018-03-26, 0,02897100, 0,02390500, -17,48645197
2018-03-26, 0,02897100, 0,02399100, -17,18960340
2018-03-26, 0,02897100, 0,02402200, -17,08259984
2018-03-26, 0,02897100, 0,02403900, -17,02392047
2018-03-26, 0,02897100, 0,02390100, -17,50025888
2018-03-27, 0,02897100, 0,02381900, -17,78330054
2018-03-27, 0,02897100, 0,02391500, -17,45193469
2018-03-27, 0,02897100, 0,02384700, -17,68665217
2018-03-27, 0,02897100, 0,02377600, -17,93172483
2018-03-27, 0,02897100, 0,02393300, -17,38980360
2018-03-27, 0,02897100, 0,02356600, -18,65658762
2018-03-27, 0,02897100, 0,02350800, -18,85678782
2018-03-27, 0,02897100, 0,02358100, -18,60481171
2018-03-27, 0,02897100, 0,02347300, -18,97759829
2018-03-27, 0,02897100, 0,02332600, -19,48500224
2018-03-27, 0,02897100, 0,02324400, -19,76804391
2018-03-27, 0,02897100, 0,02372100, -18,12156985
2018-03-27, 0,02897100, 0,02352500, -18,79810845
2018-03-27, 0,02897100, 0,02391000, -17,46919333
2018-03-27, 0,02897100, 0,02403800, -17,02737220
2018-03-27, 0,02897100, 0,02402700, -17,06534120
2018-03-27, 0,02897100, 0,02400000, -17,15853785
2018-03-27, 0,02897100, 0,02404600, -16,99975838
2018-03-27, 0,02897100, 0,02400200, -17,15163439
2018-03-27, 0,02897100, 0,02404600, -16,99975838
2018-03-27, 0,02897100, 0,02401300, -17,11366539
2018-03-27, 0,02897100, 0,02404300, -17,01011356
2018-03-27, 0,02897100, 0,02403300, -17,04463084
2018-03-28, 0,02897100, 0,02405700, -16,96178938
2018-03-28, 0,02897100, 0,02409600, -16,82717200
2018-03-28, 0,02897100, 0,02414300, -16,66494080
2018-03-29, 0,02897100, 0,02407100, -16,91346519
2018-03-30, 0,02897100, 0,02424100, -16,32667150
2018-04-02, 0,02897100, 0,02533700, -12,54357806
2018-04-02, 0,02897100, 0,02511000, -13,32712022
2018-04-02, 0,02897100, 0,02512900, -13,26153740
2018-04-02, 0,02897100, 0,02503500, -13,58599979
2018-04-02, 0,02897100, 0,02501000, -13,67229298
2018-04-02, 0,02897100, 0,02527700, -12,75068172
2018-04-02, 0,02897100, 0,02534000, -12,53322288
2018-04-03, 0,02897100, 0,02502900, -13,60671016
2018-04-03, 0,02897100, 0,02487100, -14,15208312
2018-04-03, 0,02897100, 0,02523900, -12,88184736
2018-04-03, 0,02897100, 0,02510100, -13,35818577
2018-04-03, 0,02897100, 0,02501200, -13,66538953
2018-04-03, 0,02897100, 0,02521200, -12,97504401
2018-04-03, 0,02897100, 0,02536700, -12,44002623
2018-04-03, 0,02897100, 0,02538100, -12,39170205
2018-04-03, 0,02897100, 0,02524500, -12,86113700
2018-04-03, 0,02897100, 0,02514200, -13,21666494
2018-04-03, 0,02897100, 0,02500100, -13,70335853
2018-04-03, 0,02897100, 0,02528500, -12,72306790
2018-04-03, 0,02897100, 0,02537000, -12,42967105
2018-04-03, 0,02897100, 0,02535900, -12,46764005
2018-04-03, 0,02897100, 0,02498600, -13,75513444
2018-04-03, 0,02897100, 0,02520300, -13,00610956
2018-04-03, 0,02897100, 0,02540100, -12,32266750
2018-04-03, 0,02897100, 0,02521000, -12,98194746
2018-04-03, 0,02897100, 0,02522600, -12,92671982
2018-04-03, 0,02897100, 0,02540000, -12,32611922
2018-04-03, 0,02897100, 0,02541300, -12,28124676
2018-04-03, 0,02897100, 0,02545600, -12,13282248
2018-04-03, 0,02897100, 0,02542900, -12,22601912
2018-04-03, 0,02897100, 0,02529900, -12,67474371
2018-04-04, 0,02897100, 0,02528800, -12,71271271
2018-04-04, 0,02897100, 0,02523800, -12,88529909
2018-04-04, 0,02897100, 0,02532900, -12,57119188
2018-04-04, 0,02897100, 0,02527500, -12,75758517
2018-04-04, 0,02897100, 0,02520200, -13,00956129
2018-04-04, 0,02897100, 0,02514800, -13,19595458
2018-04-04, 0,02897100, 0,02507300, -13,45483414
2018-04-04, 0,02897100, 0,02497600, -13,78965172
2018-04-04, 0,02897100, 0,02514900, -13,19250285
2018-04-04, 0,02897100, 0,02494000, -13,91391391
2018-04-04, 0,02897100, 0,02491100, -14,01401401
2018-04-04, 0,02897100, 0,02496400, -13,83107245
2018-04-04, 0,02897100, 0,02502100, -13,63432398
2018-04-04, 0,02897100, 0,02499300, -13,73097235
2018-04-04, 0,02897100, 0,02489800, -14,05888647
2018-04-04, 0,02897100, 0,02490000, -14,05198302
2018-04-04, 0,02897100, 0,02485200, -14,21766594
2018-04-04, 0,02897100, 0,02496000, -13,84487936
2018-04-04, 0,02897100, 0,02490500, -14,03472438
2018-04-04, 0,02897100, 0,02484600, -14,23837631
2018-04-04, 0,02897100, 0,02492600, -13,96223810
2018-04-05, 0,02897100, 0,02485400, -14,21076249
2018-04-05, 0,02897100, 0,02488500, -14,10375893
2018-04-05, 0,02897100, 0,02485600, -14,20385903
2018-04-05, 0,02897100, 0,02491200, -14,01056229
2018-04-05, 0,02897100, 0,02508500, -13,41341341
2018-04-05, 0,02897100, 0,02489100, -14,08304857
2018-04-05, 0,02897100, 0,02499800, -13,71371371
2018-04-05, 0,02897100, 0,02504000, -13,56874115
2018-04-05, 0,02897100, 0,02509900, -13,36508923
2018-04-05, 0,02897100, 0,02521100, -12,97849574
2018-04-06, 0,02897100, 0,02490300, -14,04162783
2018-04-06, 0,02897100, 0,02485300, -14,21421421
2018-04-06, 0,02897100, 0,02488400, -14,10721066
2018-04-06, 0,02897100, 0,02491300, -14,00711056
2018-04-06, 0,02897100, 0,02477900, -14,46964206
2018-04-06, 0,02897100, 0,02476900, -14,50415933
2018-04-06, 0,02897100, 0,02465200, -14,90801146
2018-04-06, 0,02897100, 0,02458300, -15,14618066
2018-04-06, 0,02897100, 0,02457200, -15,18414967
2018-04-06, 0,02897100, 0,02440600, -15,75713645
2018-04-06, 0,02897100, 0,02446900, -15,53967761
2018-04-06, 0,02897100, 0,02438400, -15,83307445
2018-04-07, 0,02897100, 0,02439800, -15,78475027
2018-04-07, 0,02897100, 0,02438100, -15,84342964
2018-04-07, 0,02897100, 0,02453200, -15,32221877
2018-04-07, 0,02897100, 0,02445100, -15,60180871
2018-04-07, 0,02897100, 0,02446700, -15,54658106
2018-04-07, 0,02897100, 0,02447700, -15,51206379
2018-04-07, 0,02897100, 0,02460000, -15,08750129
2018-04-07, 0,02897100, 0,02458000, -15,15653585
2018-04-07, 0,02897100, 0,02463900, -14,95288392
2018-04-07, 0,02897100, 0,02463200, -14,97704601
2018-04-07, 0,02897100, 0,02452300, -15,35328432
2018-04-07, 0,02897100, 0,02458700, -15,13237375
2018-04-07, 0,02897100, 0,02446300, -15,56038797
2018-04-07, 0,02897100, 0,02440000, -15,77784681
2018-04-07, 0,02897100, 0,02444500, -15,62251907
2018-04-07, 0,02897100, 0,02430300, -16,11266439
2018-04-07, 0,02897100, 0,02445700, -15,58109834
2018-04-07, 0,02897100, 0,02453200, -15,32221877
2018-04-07, 0,02897100, 0,02438800, -15,81926754
2018-04-07, 0,02897100, 0,02468800, -14,78374927
2018-04-07, 0,02897100, 0,02458400, -15,14272894
2018-04-07, 0,02897100, 0,02459500, -15,10475993
2018-04-07, 0,02897100, 0,02445800, -15,57764661
2018-04-07, 0,02897100, 0,02433400, -16,00566083
2018-04-08, 0,02897100, 0,02439800, -15,78475027
2018-04-08, 0,02897100, 0,02429900, -16,12647130
2018-04-08, 0,02897100, 0,02428000, -16,19205412
2018-04-08, 0,02897100, 0,02433400, -16,00566083
2018-04-08, 0,02897100, 0,02429300, -16,14718166
2018-04-08, 0,02897100, 0,02437700, -15,85723655
2018-04-08, 0,02897100, 0,02434100, -15,98149874
2018-04-08, 0,02897100, 0,02430200, -16,11611612
2018-04-08, 0,02897100, 0,02427100, -16,22311967
2018-04-08, 0,02897100, 0,02424200, -16,32321977
2018-04-08, 0,02897100, 0,02431000, -16,08850230
2018-04-08, 0,02897100, 0,02419100, -16,49925788
2018-04-08, 0,02897100, 0,02453100, -15,32567050
2018-04-08, 0,02897100, 0,02452800, -15,33602568
2018-04-08, 0,02897100, 0,02452700, -15,33947741
2018-04-08, 0,02897100, 0,02459900, -15,09095302
2018-04-08, 0,02897100, 0,02451300, -15,38780159
2018-04-08, 0,02897100, 0,02450200, -15,42577060
2018-04-08, 0,02897100, 0,02452200, -15,35673605
2018-04-08, 0,02897100, 0,02448900, -15,47064306
2018-04-09, 0,02897100, 0,02490000, -14,05198302
2018-04-10, 0,02897100, 0,02423400, -16,35083359
2018-04-10, 0,02897100, 0,02413300, -16,69945808
2018-04-10, 0,02897100, 0,02418300, -16,52687170
2018-04-10, 0,02897100, 0,02417900, -16,54067861
2018-04-10, 0,02897100, 0,02428000, -16,19205412
2018-04-10, 0,02897100, 0,02416100, -16,60280971
2018-04-10, 0,02897100, 0,02414400, -16,66148908
2018-04-10, 0,02897100, 0,02410400, -16,79955818
2018-04-11, 0,02897100, 0,02410000, -16,81336509
2018-04-11, 0,02897100, 0,02413500, -16,69255462
2018-04-11, 0,02897100, 0,02418700, -16,51306479
2018-04-11, 0,02897100, 0,02420700, -16,44403024
2018-04-11, 0,02897100, 0,02425800, -16,26799213
2018-04-11, 0,02897100, 0,02421600, -16,41296469
2018-04-11, 0,02897100, 0,02426900, -16,23002313
2018-04-11, 0,02897100, 0,02428900, -16,16098857
2018-04-11, 0,02897100, 0,02425500, -16,27834731
2018-04-11, 0,02897100, 0,02429800, -16,12992303
2018-04-11, 0,02897100, 0,02426300, -16,25073349
2018-04-11, 0,02897100, 0,02422100, -16,39570605
2018-04-11, 0,02897100, 0,02411100, -16,77539609
2018-04-11, 0,02897100, 0,02392900, -17,40361051
2018-04-11, 0,02897100, 0,02381900, -17,78330054
2018-04-11, 0,02897100, 0,02388200, -17,56584170
2018-04-11, 0,02897100, 0,02403500, -17,03772738
2018-04-11, 0,02897100, 0,02408400, -16,86859273
2018-04-11, 0,02897100, 0,02403600, -17,03427565
2018-04-11, 0,02897100, 0,02399900, -17,16198958
2018-04-11, 0,02897100, 0,02387100, -17,60381071
2018-04-12, 0,02897100, 0,02387000, -17,60726243
2018-04-12, 0,02897100, 0,02393200, -17,39325532
2018-04-12, 0,02897100, 0,02392100, -17,43122433
2018-04-12, 0,02897100, 0,02411200, -16,77194436
2018-04-12, 0,02897100, 0,02405000, -16,98595147
2018-04-12, 0,02897100, 0,02392700, -17,41051396
2018-04-12, 0,02897100, 0,02389200, -17,53132443
2018-04-12, 0,02897100, 0,02408100, -16,87894791
2018-04-12, 0,02897100, 0,02401300, -17,11366539
2018-04-12, 0,02897100, 0,02404600, -16,99975838
2018-04-13, 0,02897100, 0,02405300, -16,97559629
2018-04-13, 0,02897100, 0,02410000, -16,81336509
2018-04-13, 0,02897100, 0,02404800, -16,99285492
2018-04-13, 0,02897100, 0,02402200, -17,08259984
2018-04-13, 0,02897100, 0,02412400, -16,73052363
2018-04-13, 0,02897100, 0,02404900, -16,98940320
2018-04-13, 0,02897100, 0,02411100, -16,77539609
2018-04-13, 0,02897100, 0,02414700, -16,65113389
2018-04-13, 0,02897100, 0,02422800, -16,37154396
2018-04-13, 0,02897100, 0,02428400, -16,17824721
2018-04-13, 0,02897100, 0,02403300, -17,04463084
2018-04-13, 0,02897100, 0,02402400, -17,07569639
2018-04-13, 0,02897100, 0,02400000, -17,15853785
2018-04-13, 0,02897100, 0,02408400, -16,86859273
2018-04-13, 0,02897100, 0,02402900, -17,05843775
2018-04-13, 0,02897100, 0,02399400, -17,17924821
2018-04-14, 0,02897100, 0,02416100, -16,60280971
2018-04-14, 0,02897100, 0,02420700, -16,44403024
2018-04-14, 0,02897100, 0,02417600, -16,55103379
2018-04-14, 0,02897100, 0,02406300, -16,94107901
2018-04-14, 0,02897100, 0,02416700, -16,58209934
2018-04-14, 0,02897100, 0,02420900, -16,43712678
2018-04-14, 0,02897100, 0,02393100, -17,39670705
2018-04-14, 0,02897100, 0,02390800, -17,47609679
2018-04-14, 0,02897100, 0,02409900, -16,81681682
2018-04-14, 0,02897100, 0,02400700, -17,13437576
2018-04-14, 0,02897100, 0,02377800, -17,92482137
2018-04-14, 0,02897100, 0,02375400, -18,00766284
2018-04-14, 0,02897100, 0,02383300, -17,73497636
2018-04-14, 0,02897100, 0,02390000, -17,50371061
2018-04-14, 0,02897100, 0,02394400, -17,35183459
2018-04-14, 0,02897100, 0,02383500, -17,72807290
2018-04-14, 0,02897100, 0,02389800, -17,51061406
2018-04-14, 0,02897100, 0,02390700, -17,47954851
2018-04-14, 0,02897100, 0,02390100, -17,50025888
2018-04-14, 0,02897100, 0,02394400, -17,35183459
2018-04-14, 0,02897100, 0,02379300, -17,87304546
2018-04-14, 0,02897100, 0,02386500, -17,62452107
2018-04-14, 0,02897100, 0,02384600, -17,69010390
2018-04-15, 0,02897100, 0,02399900, -17,16198958
2018-04-15, 0,02897100, 0,02397100, -17,25863795
2018-04-15, 0,02897100, 0,02387900, -17,57619689
2018-04-15, 0,02897100, 0,02386600, -17,62106935
2018-04-15, 0,02897100, 0,02388100, -17,56929343
2018-04-15, 0,02897100, 0,02384300, -17,70045908
2018-04-15, 0,02897100, 0,02409000, -16,84788237
2018-04-15, 0,02897100, 0,02394100, -17,36218978
2018-04-15, 0,02897100, 0,02415500, -16,62352007
2018-04-15, 0,02897100, 0,02410100, -16,80991336
2018-04-15, 0,02897100, 0,02406500, -16,93417555
2018-04-16, 0,02897100, 0,02391100, -17,46574160
2018-04-16, 0,02897100, 0,02384500, -17,69355562
2018-04-16, 0,02897100, 0,02386900, -17,61071416
2018-04-16, 0,02897100, 0,02386000, -17,64177971
2018-04-16, 0,02897100, 0,02392300, -17,42432087
2018-04-16, 0,02897100, 0,02390100, -17,50025888
2018-04-16, 0,02897100, 0,02390000, -17,50371061
2018-04-16, 0,02897100, 0,02397900, -17,23102413
2018-04-16, 0,02897100, 0,02401700, -17,09985848
2018-04-16, 0,02897100, 0,02402900, -17,05843775
2018-04-16, 0,02897100, 0,02402200, -17,08259984
2018-04-16, 0,02897100, 0,02401500, -17,10676193
2018-04-16, 0,02897100, 0,02405700, -16,96178938
2018-04-16, 0,02897100, 0,02408900, -16,85133409
2018-04-17, 0,02897100, 0,02454600, -15,27389458
2018-04-19, 0,02897100, 0,02942000, 1,54982569
2018-04-20, 0,02897100, 0,02939300, 1,45662904
2018-04-20, 0,02897100, 0,02958800, 2,12971592
2018-04-20, 0,02897100, 0,02946200, 1,69479825
2018-04-20, 0,02897100, 0,02968200, 2,45417832
2018-04-20, 0,02897100, 0,02981400, 2,90980636
2018-04-21, 0,02897100, 0,02830100, -2,31265749
2018-04-22, 0,02897100, 0,02834000, -2,17804011
2018-04-22, 0,02897100, 0,02853300, -1,51185668
2018-04-22, 0,02897100, 0,02832700, -2,22291257
2018-04-22, 0,02897100, 0,02854400, -1,47388768
2018-04-22, 0,02897100, 0,02851800, -1,56363260
2018-04-24, 0,02897100, 0,02982500, 2,94777536
2018-04-24, 0,02897100, 0,02950600, 1,84667426
2018-04-25, 0,02897100, 0,02930000, 1,13561838
2018-04-25, 0,02897100, 0,02859400, -1,30130130
2018-04-25, 0,02897100, 0,02818600, -2,70960616
2018-04-25, 0,02897100, 0,02897000, -0,00345173
2018-04-25, 0,02897100, 0,02915600, 0,63856960
2018-04-25, 0,02897100, 0,02890800, -0,21745884
2018-04-25, 0,02897100, 0,02845200, -1,79144662
2018-04-25, 0,02897100, 0,02818900, -2,69925098
2018-04-25, 0,02897100, 0,02744800, -5,25698112
2018-04-25, 0,02897100, 0,02935200, 1,31510821
2018-04-25, 0,02897100, 0,02857600, -1,36343240
2018-04-25, 0,02897100, 0,02895000, -0,07248628
2018-04-25, 0,02897100, 0,02879200, -0,61785924
2018-04-25, 0,02897100, 0,02879800, -0,59714887
2018-04-25, 0,02897100, 0,02882400, -0,50740396
2018-04-25, 0,02897100, 0,02940200, 1,48769459
2018-04-25, 0,02897100, 0,02940200, 1,48769459
2018-04-25, 0,02897100, 0,02958700, 2,12626420
2018-04-25, 0,02897100, 0,02987800, 3,13071692
2018-04-25, 0,02897100, 0,02980000, 2,86148217
2018-04-25, 0,02897100, 0,02934700, 1,29784957
2018-04-25, 0,02897100, 0,02892000, -0,17603811
2018-04-25, 0,02897100, 0,03073900, 6,10265438
2018-04-25, 0,02897100, 0,02980600, 2,88219254
2018-04-26, 0,02897100, 0,02988200, 3,14452383
2018-04-26, 0,02897100, 0,03004500, 3,70715543
2018-04-26, 0,02897100, 0,02957400, 2,08139174
2018-04-26, 0,02897100, 0,02938200, 1,41866004
2018-04-26, 0,02897100, 0,02919600, 0,77663871
2018-04-26, 0,02897100, 0,02929900, 1,13216665
2018-04-26, 0,02897100, 0,02858300, -1,33927030
2018-04-26, 0,02897100, 0,02887900, -0,31755894
2018-04-26, 0,02897100, 0,02903700, 0,22781402
2018-04-26, 0,02897100, 0,02891900, -0,17948983
2018-04-26, 0,02897100, 0,02892600, -0,15532774
2018-04-26, 0,02897100, 0,02861600, -1,22536329
2018-04-26, 0,02897100, 0,02879900, -0,59369715
2018-04-26, 0,02897100, 0,02889900, -0,24852439
2018-04-26, 0,02897100, 0,02881500, -0,53846950
2018-04-27, 0,02897100, 0,02869600, -0,94922509
2018-04-27, 0,02897100, 0,02833700, -2,18839529
2018-04-27, 0,02897100, 0,02837100, -2,07103655
2018-04-27, 0,02897100, 0,02850100, -1,62231197
2018-04-27, 0,02897100, 0,02848500, -1,67753961
2018-04-27, 0,02897100, 0,02852700, -1,53256705
2018-04-27, 0,02897100, 0,02830000, -2,31610921
2018-04-27, 0,02897100, 0,02827500, -2,40240240
2018-04-27, 0,02897100, 0,02820300, -2,65092679
2018-04-27, 0,02897100, 0,02819100, -2,69234752
2018-04-27, 0,02897100, 0,02805000, -3,17904111
2018-04-27, 0,02897100, 0,02800800, -3,32401367
2018-04-27, 0,02897100, 0,02777500, -4,12826620
2018-04-27, 0,02897100, 0,02786400, -3,82106244
2018-04-27, 0,02897100, 0,02822800, -2,56463360
2018-04-27, 0,02897100, 0,02825400, -2,47488868
2018-04-27, 0,02897100, 0,02829000, -2,35062649
2018-04-27, 0,02897100, 0,02821600, -2,60605433
2018-04-27, 0,02897100, 0,02818900, -2,69925098
2018-04-27, 0,02897100, 0,02790300, -3,68644507
2018-04-27, 0,02897100, 0,02802600, -3,26188257
2018-04-27, 0,02897100, 0,02800700, -3,32746540
2018-04-27, 0,02897100, 0,02793200, -3,58634497
2018-04-27, 0,02897100, 0,02780200, -4,03506955
2018-04-28, 0,02897100, 0,02784900, -3,87283836
2018-04-28, 0,02897100, 0,02802300, -3,27223775
2018-04-28, 0,02897100, 0,02802000, -3,28259294
2018-04-28, 0,02897100, 0,02793500, -3,57598978
2018-04-28, 0,02897100, 0,02781400, -3,99364882
2018-04-28, 0,02897100, 0,02767600, -4,46998723
2018-04-28, 0,02897100, 0,02760800, -4,70470470
2018-04-28, 0,02897100, 0,02770100, -4,38369404
2018-04-28, 0,02897100, 0,02753700, -4,94977736
2018-04-28, 0,02897100, 0,02747200, -5,17413966
2018-04-28, 0,02897100, 0,02745400, -5,23627075
2018-04-28, 0,02897100, 0,02758100, -4,79790135
2018-04-28, 0,02897100, 0,02753700, -4,94977736
2018-04-28, 0,02897100, 0,02747100, -5,17759138
2018-04-28, 0,02897100, 0,02748700, -5,12236374
2018-04-28, 0,02897100, 0,02745400, -5,23627075
2018-04-28, 0,02897100, 0,02760900, -4,70125298
2018-04-28, 0,02897100, 0,02766000, -4,52521487
2018-04-28, 0,02897100, 0,02764000, -4,59424942
2018-04-28, 0,02897100, 0,02799100, -3,38269304
2018-04-28, 0,02897100, 0,02800000, -3,35162749
2018-04-28, 0,02897100, 0,02796400, -3,47588968
2018-04-28, 0,02897100, 0,02758100, -4,79790135
2018-04-28, 0,02897100, 0,02770300, -4,37679058
2018-04-29, 0,02897100, 0,02747900, -5,14997756
2018-04-29, 0,02897100, 0,02730000, -5,76783680
2018-04-29, 0,02897100, 0,02723800, -5,98184391
2018-04-29, 0,02897100, 0,02728900, -5,80580581
2018-04-29, 0,02897100, 0,02736400, -5,54692624
2018-04-29, 0,02897100, 0,02723800, -5,98184391
2018-04-29, 0,02897100, 0,02704800, -6,63767215
2018-04-29, 0,02897100, 0,02677600, -7,57654206
2018-04-29, 0,02897100, 0,02653000, -8,42566705
2018-04-29, 0,02897100, 0,02650400, -8,51541196
2018-04-29, 0,02897100, 0,02666100, -7,97349073
2018-04-29, 0,02897100, 0,02706700, -6,57208933
2018-04-29, 0,02897100, 0,02676200, -7,62486625
2018-04-29, 0,02897100, 0,02659200, -8,21165994
2018-04-29, 0,02897100, 0,02649600, -8,54302578
2018-04-29, 0,02897100, 0,02652300, -8,44982914
2018-04-29, 0,02897100, 0,02695200, -6,96903800
2018-04-29, 0,02897100, 0,02675000, -7,66628698
2018-04-29, 0,02897100, 0,02696300, -6,93106900
2018-04-29, 0,02897100, 0,02718000, -6,18204411
2018-04-29, 0,02897100, 0,02735800, -5,56763660
2018-04-29, 0,02897100, 0,02715800, -6,25798212
2018-04-29, 0,02897100, 0,02689000, -7,18304511
2018-04-29, 0,02897100, 0,02647700, -8,60860861
2018-04-30, 0,02897100, 0,02656700, -8,29795313
2018-04-30, 0,02897100, 0,02631300, -9,17469193
2018-04-30, 0,02897100, 0,02639700, -8,88474682
2018-04-30, 0,02897100, 0,02638900, -8,91236064
2018-04-30, 0,02897100, 0,02635500, -9,02971937
2018-04-30, 0,02897100, 0,02628000, -9,28859894
2018-04-30, 0,02897100, 0,02597000, -10,35863450
2018-04-30, 0,02897100, 0,02600500, -10,23782403
2018-04-30, 0,02897100, 0,02610100, -9,90645818
2018-04-30, 0,02897100, 0,02618800, -9,60615788
2018-04-30, 0,02897100, 0,02615200, -9,73042008
2018-04-30, 0,02897100, 0,02612400, -9,82706845
2018-04-30, 0,02897100, 0,02607400, -9,99965483
2018-04-30, 0,02897100, 0,02639300, -8,89855373
2018-04-30, 0,02897100, 0,02675000, -7,66628698
2018-04-30, 0,02897100, 0,02680000, -7,49370060
2018-04-30, 0,02897100, 0,02705300, -6,62041352
2018-04-30, 0,02897100, 0,02644200, -8,72941907
2018-04-30, 0,02897100, 0,02608000, -9,97894446
2018-04-30, 0,02897100, 0,02614500, -9,75458217
2018-04-30, 0,02897100, 0,02567500, -11,37689414
2018-04-30, 0,02897100, 0,02569900, -11,29405267
2018-05-01, 0,02897100, 0,02591400, -10,55193124
2018-05-01, 0,02897100, 0,02558600, -11,68409789
2018-05-01, 0,02897100, 0,02572300, -11,21121121
2018-05-01, 0,02897100, 0,02564700, -11,47354251
2018-05-01, 0,02897100, 0,02567800, -11,36653895
2018-05-01, 0,02897100, 0,02587300, -10,69345207
2018-05-01, 0,02897100, 0,02600100, -10,25163094
2018-05-01, 0,02897100, 0,02629200, -9,24717821
2018-05-01, 0,02897100, 0,02639000, -8,90890891
2018-05-01, 0,02897100, 0,02642800, -8,77774326
2018-05-01, 0,02897100, 0,02634700, -9,05733320
2018-05-01, 0,02897100, 0,02596800, -10,36553795
2018-05-01, 0,02897100, 0,02595700, -10,40350696
2018-05-01, 0,02897100, 0,02610500, -9,89265127
2018-05-01, 0,02897100, 0,02637200, -8,97104001
2018-05-01, 0,02897100, 0,02643600, -8,75012944
2018-05-01, 0,02897100, 0,02628800, -9,26098512
2018-05-01, 0,02897100, 0,02639200, -8,90200545
2018-05-01, 0,02897100, 0,02640400, -8,86058472
2018-05-01, 0,02897100, 0,02644000, -8,73632253
2018-05-01, 0,02897100, 0,02637500, -8,96068482
2018-05-01, 0,02897100, 0,02644100, -8,73287080
2018-05-01, 0,02897100, 0,02662900, -8,08394601
2018-05-03, 0,02897100, 0,02657300, -8,27724276
2018-05-03, 0,02897100, 0,02639900, -8,87784336
2018-05-03, 0,02897100, 0,02633900, -9,08494702
2018-05-03, 0,02897100, 0,02633000, -9,11601256
2018-05-03, 0,02897100, 0,02646900, -8,63622243
2018-05-03, 0,02897100, 0,02642200, -8,79845363
2018-05-03, 0,02897100, 0,02649500, -8,54647751
2018-05-03, 0,02897100, 0,02652100, -8,45673259
2018-05-03, 0,02897100, 0,02647700, -8,60860861
2018-05-03, 0,02897100, 0,02609300, -9,93407200
2018-05-03, 0,02897100, 0,02594600, -10,44147596
2018-05-03, 0,02897100, 0,02575800, -11,09040075
2018-05-03, 0,02897100, 0,02517600, -13,09930620
2018-05-03, 0,02897100, 0,02517100, -13,11656484
2018-05-03, 0,02897100, 0,02520100, -13,01301301
2018-05-03, 0,02897100, 0,02519300, -13,04062683
2018-05-03, 0,02897100, 0,02518400, -13,07169238
2018-05-04, 0,02897100, 0,02509200, -13,38925132
2018-05-04, 0,02897100, 0,02519100, -13,04753029
2018-05-04, 0,02897100, 0,02517700, -13,09585448
2018-05-04, 0,02897100, 0,02512600, -13,27189258
2018-05-04, 0,02897100, 0,02516300, -13,14417866
2018-05-04, 0,02897100, 0,02515000, -13,18905112
2018-05-04, 0,02897100, 0,02498900, -13,74477926
2018-05-04, 0,02897100, 0,02544400, -12,17424321
2018-05-04, 0,02897100, 0,02563000, -11,53222188
2018-05-04, 0,02897100, 0,02549700, -11,99130165
2018-05-04, 0,02897100, 0,02506900, -13,46864105
2018-05-04, 0,02897100, 0,02520800, -12,98885092
2018-05-04, 0,02897100, 0,02500400, -13,69300335
2018-05-04, 0,02897100, 0,02490500, -14,03472438
2018-05-04, 0,02897100, 0,02488700, -14,09685548
2018-05-04, 0,02897100, 0,02495200, -13,87249318
2018-05-04, 0,02897100, 0,02484400, -14,24527976
2018-05-04, 0,02897100, 0,02479800, -14,40405923
2018-05-04, 0,02897100, 0,02500700, -13,68264817
2018-05-04, 0,02897100, 0,02482600, -14,30741086
2018-05-04, 0,02897100, 0,02500200, -13,69990680
2018-05-04, 0,02897100, 0,02495200, -13,87249318
2018-05-04, 0,02897100, 0,02479500, -14,41441441
2018-05-04, 0,02897100, 0,02480400, -14,38334887
2018-05-05, 0,02897100, 0,02488700, -14,09685548
2018-05-05, 0,02897100, 0,02494500, -13,89665528
2018-05-05, 0,02897100, 0,02496600, -13,82416900
2018-05-05, 0,02897100, 0,02495700, -13,85523454
2018-05-05, 0,02897100, 0,02497200, -13,80345863
2018-05-05, 0,02897100, 0,02505000, -13,53422388
2018-05-05, 0,02897100, 0,02497100, -13,80691036
2018-05-05, 0,02897100, 0,02494600, -13,89320355
2018-05-05, 0,02897100, 0,02477800, -14,47309378
2018-05-05, 0,02897100, 0,02478400, -14,45238342
2018-05-05, 0,02897100, 0,02464000, -14,94943219
2018-05-05, 0,02897100, 0,02460200, -15,08059784
2018-05-05, 0,02897100, 0,02460100, -15,08404957
2018-05-05, 0,02897100, 0,02468900, -14,78029754
2018-05-05, 0,02897100, 0,02465200, -14,90801146
2018-05-05, 0,02897100, 0,02472200, -14,66639053
2018-05-05, 0,02897100, 0,02479200, -14,42476960
2018-05-05, 0,02897100, 0,02484400, -14,24527976
2018-05-05, 0,02897100, 0,02464100, -14,94598046
2018-05-05, 0,02897100, 0,02465400, -14,90110800
2018-05-05, 0,02897100, 0,02459800, -15,09440475
2018-05-05, 0,02897100, 0,02442900, -15,67774671
2018-05-05, 0,02897100, 0,02440700, -15,75368472
2018-05-05, 0,02897100, 0,02439800, -15,78475027
2018-05-06, 0,02897100, 0,02442200, -15,70190881
2018-05-06, 0,02897100, 0,02452800, -15,33602568
2018-05-06, 0,02897100, 0,02454500, -15,27734631
2018-05-06, 0,02897100, 0,02455300, -15,24973249
2018-05-06, 0,02897100, 0,02448500, -15,48444997
2018-05-06, 0,02897100, 0,02436500, -15,89865728
2018-05-06, 0,02897100, 0,02442200, -15,70190881
2018-05-06, 0,02897100, 0,02477100, -14,49725588
2018-05-06, 0,02897100, 0,02485400, -14,21076249
2018-05-06, 0,02897100, 0,02489200, -14,07959684
2018-05-06, 0,02897100, 0,02468900, -14,78029754
2018-05-06, 0,02897100, 0,02459000, -15,12201857
2018-05-06, 0,02897100, 0,02465300, -14,90455973
2018-05-06, 0,02897100, 0,02456000, -15,22557040
2018-05-06, 0,02897100, 0,02463000, -14,98394947
2018-05-06, 0,02897100, 0,02456100, -15,22211867
2018-05-06, 0,02897100, 0,02463100, -14,98049774
2018-05-06, 0,02897100, 0,02454900, -15,26353940
2018-05-06, 0,02897100, 0,02435400, -15,93662628
2018-05-06, 0,02897100, 0,02439900, -15,78129854
2018-05-06, 0,02897100, 0,02452000, -15,36363950
2018-05-06, 0,02897100, 0,02450600, -15,41196369
2018-05-06, 0,02897100, 0,02434200, -15,97804701
2018-05-06, 0,02897100, 0,02423800, -16,33702668
2018-05-07, 0,02897100, 0,02404500, -17,00321011
2018-05-07, 0,02897100, 0,02408700, -16,85823755
2018-05-07, 0,02897100, 0,02402100, -17,08605157
2018-05-07, 0,02897100, 0,02401400, -17,11021366
2018-05-07, 0,02897100, 0,02410100, -16,80991336
2018-05-07, 0,02897100, 0,02424900, -16,29905768
2018-05-07, 0,02897100, 0,02414500, -16,65803735
2018-05-07, 0,02897100, 0,02419200, -16,49580615
2018-05-07, 0,02897100, 0,02425300, -16,28525077
2018-05-07, 0,02897100, 0,02419200, -16,49580615
2018-05-07, 0,02897100, 0,02403000, -17,05498602
2018-05-07, 0,02897100, 0,02405000, -16,98595147
2018-05-07, 0,02897100, 0,02405300, -16,97559629
2018-05-07, 0,02897100, 0,02417700, -16,54758206
2018-05-07, 0,02897100, 0,02421800, -16,40606123
2018-05-07, 0,02897100, 0,02462500, -15,00120810
2018-05-08, 0,02897100, 0,02431500, -16,07124366
2018-05-08, 0,02897100, 0,02427400, -16,21276449
2018-05-08, 0,02897100, 0,02414000, -16,67529599
2018-05-08, 0,02897100, 0,02416700, -16,58209934
2018-05-08, 0,02897100, 0,02416900, -16,57519589
2018-05-08, 0,02897100, 0,02416900, -16,57519589
2018-05-08, 0,02897100, 0,02426100, -16,25763695
2018-05-08, 0,02897100, 0,02441000, -15,74332954
2018-05-08, 0,02897100, 0,02428000, -16,19205412
2018-05-08, 0,02897100, 0,02420000, -16,46819233
2018-05-08, 0,02897100, 0,02432100, -16,05053329
2018-05-08, 0,02897100, 0,02412700, -16,72016844
2018-05-08, 0,02897100, 0,02411500, -16,76158918
2018-05-09, 0,02897100, 0,02410100, -16,80991336
2018-05-09, 0,02897100, 0,02405000, -16,98595147
2018-05-09, 0,02897100, 0,02402100, -17,08605157
2018-05-09, 0,02897100, 0,02401700, -17,09985848
2018-05-09, 0,02897100, 0,02400000, -17,15853785
2018-05-09, 0,02897100, 0,02422000, -16,39915778
2018-05-09, 0,02897100, 0,02398300, -17,21721722
2018-05-09, 0,02897100, 0,02399000, -17,19305512
2018-05-09, 0,02897100, 0,02404300, -17,01011356
2018-05-09, 0,02897100, 0,02423300, -16,35428532
2018-05-09, 0,02897100, 0,02450000, -15,43267405
2018-05-09, 0,02897100, 0,02434300, -15,97459528
2018-05-09, 0,02897100, 0,02438900, -15,81581582
2018-05-09, 0,02897100, 0,02439000, -15,81236409
2018-05-09, 0,02897100, 0,02434000, -15,98495047
2018-05-09, 0,02897100, 0,02426800, -16,23347485
2018-05-10, 0,02897100, 0,02428200, -16,18515067
2018-05-10, 0,02897100, 0,02426700, -16,23692658
2018-05-10, 0,02897100, 0,02416200, -16,59935798
2018-05-10, 0,02897100, 0,02415400, -16,62697180
2018-05-10, 0,02897100, 0,02421100, -16,43022333
2018-05-10, 0,02897100, 0,02430000, -16,12301957
2018-05-10, 0,02897100, 0,02423600, -16,34393014
2018-05-10, 0,02897100, 0,02407000, -16,91691692
2018-05-10, 0,02897100, 0,02396800, -17,26899313
2018-05-10, 0,02897100, 0,02395300, -17,32076904
2018-05-11, 0,02897100, 0,02389700, -17,51406579
2018-05-11, 0,02897100, 0,02396700, -17,27244486
2018-05-11, 0,02897100, 0,02384000, -17,71081426
2018-05-11, 0,02897100, 0,02396500, -17,27934831
2018-05-11, 0,02897100, 0,02370000, -18,19405613
2018-05-11, 0,02897100, 0,02322000, -19,85088537
2018-05-11, 0,02897100, 0,02334200, -19,42977460
2018-05-11, 0,02897100, 0,02330600, -19,55403680
2018-05-11, 0,02897100, 0,02310100, -20,26164095
2018-05-11, 0,02897100, 0,02318900, -19,95788892
2018-05-11, 0,02897100, 0,02317000, -20,02347175
2018-05-11, 0,02897100, 0,02319500, -19,93717856
2018-05-11, 0,02897100, 0,02386200, -17,63487626
2018-05-11, 0,02897100, 0,02367700, -18,27344586
2018-05-11, 0,02897100, 0,02382200, -17,77294536
2018-05-11, 0,02897100, 0,02380400, -17,83507646
2018-05-11, 0,02897100, 0,02382300, -17,76949363
2018-05-11, 0,02897100, 0,02396500, -17,27934831
2018-05-11, 0,02897100, 0,02363100, -18,43222533
2018-05-11, 0,02897100, 0,02355500, -18,69455663
2018-05-11, 0,02897100, 0,02369700, -18,20441131
2018-05-11, 0,02897100, 0,02342600, -19,13982948
2018-05-11, 0,02897100, 0,02367100, -18,29415623
2018-05-11, 0,02897100, 0,02359000, -18,57374616
2018-05-12, 0,02897100, 0,02348100, -18,94998447
2018-05-12, 0,02897100, 0,02337000, -19,33312623
2018-05-12, 0,02897100, 0,02341300, -19,18470194
2018-05-12, 0,02897100, 0,02334200, -19,42977460
2018-05-12, 0,02897100, 0,02324900, -19,75078527
2018-05-12, 0,02897100, 0,02315000, -20,09250630
2018-05-12, 0,02897100, 0,02329000, -19,60926444
2018-05-12, 0,02897100, 0,02342300, -19,15018467
2018-05-12, 0,02897100, 0,02360000, -18,53922888
2018-05-12, 0,02897100, 0,02376300, -17,97659729
2018-05-12, 0,02897100, 0,02370400, -18,18024921
2018-05-12, 0,02897100, 0,02358000, -18,60826344
2018-05-12, 0,02897100, 0,02351700, -18,82572227
2018-05-12, 0,02897100, 0,02350800, -18,85678782
2018-05-12, 0,02897100, 0,02364700, -18,37699769
2018-05-12, 0,02897100, 0,02353600, -18,76013945
2018-05-12, 0,02897100, 0,02355900, -18,68074972
2018-05-12, 0,02897100, 0,02366400, -18,31831832
2018-05-14, 0,02897100, 0,02373000, -18,09050430
2018-05-14, 0,02897100, 0,02366700, -18,30796314
2018-05-14, 0,02897100, 0,02359600, -18,55303579
2018-05-14, 0,02897100, 0,02378200, -17,91101446
2018-05-14, 0,02897100, 0,02378800, -17,89030410
2018-05-14, 0,02897100, 0,02365500, -18,34938387
2018-05-14, 0,02897100, 0,02377600, -17,93172483
2018-05-14, 0,02897100, 0,02363000, -18,43567706
2018-05-15, 0,02897100, 0,02412900, -16,71326499
2018-05-15, 0,02897100, 0,02408700, -16,85823755
2018-05-15, 0,02897100, 0,02413000, -16,70981326
2018-05-15, 0,02897100, 0,02411600, -16,75813745
2018-05-15, 0,02897100, 0,02412000, -16,74433054
2018-05-15, 0,02897100, 0,02404200, -17,01356529
2018-05-15, 0,02897100, 0,02382300, -17,76949363
2018-05-15, 0,02897100, 0,02401000, -17,12402057
2018-05-15, 0,02897100, 0,02389400, -17,52442097
2018-05-15, 0,02897100, 0,02397200, -17,25518622
2018-05-16, 0,02897100, 0,02369600, -18,20786304
2018-05-16, 0,02897100, 0,02371900, -18,12847330
2018-05-16, 0,02897100, 0,02374100, -18,05253529
2018-05-16, 0,02897100, 0,02372800, -18,09740775
2018-05-16, 0,02897100, 0,02379900, -17,85233509
2018-05-16, 0,02897100, 0,02383000, -17,74533154
2018-05-16, 0,02897100, 0,02378900, -17,88685237
2018-05-16, 0,02897100, 0,02386000, -17,64177971
2018-05-16, 0,02897100, 0,02379800, -17,85578682
2018-05-16, 0,02897100, 0,02392800, -17,40706223
2018-05-16, 0,02897100, 0,02396300, -17,28625177
2018-05-16, 0,02897100, 0,02402300, -17,07914811
2018-05-16, 0,02897100, 0,02397000, -17,26208968
2018-05-16, 0,02897100, 0,02381900, -17,78330054
2018-05-16, 0,02897100, 0,02377900, -17,92136965
2018-05-16, 0,02897100, 0,02363800, -18,40806324
2018-05-16, 0,02897100, 0,02381500, -17,79710745
2018-05-16, 0,02897100, 0,02370000, -18,19405613
2018-05-16, 0,02897100, 0,02391500, -17,45193469
2018-05-16, 0,02897100, 0,02364900, -18,37009423
2018-05-16, 0,02897100, 0,02390400, -17,48990370
2018-05-16, 0,02897100, 0,02384900, -17,67974871
2018-05-16, 0,02897100, 0,02405700, -16,96178938
2018-05-16, 0,02897100, 0,02406600, -16,93072383
2018-05-17, 0,02897100, 0,02417800, -16,54413034
2018-05-17, 0,02897100, 0,02423200, -16,35773705
2018-05-17, 0,02897100, 0,02433900, -15,98840220
2018-05-17, 0,02897100, 0,02433200, -16,01256429
2018-05-17, 0,02897100, 0,02390000, -17,50371061
2018-05-17, 0,02897100, 0,02384900, -17,67974871
2018-05-17, 0,02897100, 0,02368800, -18,23547686
