2018-05-04, h
2018-05-06, h
2018-05-07, h
2018-05-07, h
2018-05-11, h
2018-05-11, h
2018-05-12, h
2018-05-15, h
2018-05-15, h
2018-05-16, h
2018-05-17, h
2018-05-17, h
2018-05-18, h
2018-05-20, h
2018-05-20, h
2018-05-21, h
2018-05-22, h
2018-05-23, h
2018-05-23, h
2018-05-23, h
2018-05-26, h
2018-05-26, h
2018-05-26, h
2018-05-27, h
2018-05-27, h
2018-05-27, h
2018-05-28, h
2018-06-02, h
2018-06-02, h
2018-06-02, h
2018-06-04, h
2018-06-04, h
2018-06-04, h
2018-06-05, h
2018-06-07, h
2018-06-07, h
2018-06-08, h
2018-06-08, h
2018-06-10, h
2018-06-11, h
2018-06-12, h
2018-06-12, h
2018-06-15, h
2018-06-16, h
2018-06-16, h
2018-06-20, h
2018-06-23, h
2018-06-24, h
2018-06-25, h
2018-06-25, h
2018-06-27, h
2018-06-27, h
2018-06-28, h
