2018-05-28, h
2018-05-28, h
2018-06-24, h
2018-05-28, h
2018-05-28, h
2018-05-30, h
2018-06-04, h
2018-05-28, h
2018-05-28, h
2018-05-30, h
2018-06-04, h
2018-05-28, h
2018-05-31, h
2018-06-03, h
2018-06-04, h
2018-06-11, h
2018-06-13, h
2018-06-22, h
2018-06-22, h
2018-06-23, h
2018-06-24, h
2018-06-26, h
2018-06-27, h
2018-05-25, h
2018-05-28, h
2018-06-22, h
2018-06-24, h
2018-06-27, h
2018-05-21, h
2018-05-23, h
2018-05-25, h
2018-05-28, h
2018-05-28, h
2018-05-30, h
2018-06-05, h
2018-06-07, h
2018-06-17, h
2018-06-19, h
2018-06-20, h
2018-06-22, h
2018-06-23, h
2018-06-24, h
2018-06-26, h
2018-06-27, h
