2018-05-05, h
2018-05-08, h
2018-05-11, h
2018-05-15, h
2018-05-16, h
2018-05-18, h
2018-05-21, h
2018-05-24, h
2018-05-26, h
2018-05-29, h
2018-06-02, h
2018-06-05, h
2018-06-09, h
2018-06-10, h
2018-06-14, h
2018-06-16, h
2018-06-23, h
2018-06-24, h
2018-06-26, h
2018-05-03, h
2018-05-05, h
2018-05-05, h
2018-05-08, h
2018-05-11, h
2018-05-15, h
2018-05-16, h
2018-05-18, h
2018-05-21, h
2018-05-24, h
2018-05-26, h
2018-05-29, h
2018-06-02, h
2018-06-04, h
2018-06-05, h
2018-06-09, h
2018-06-10, h
2018-06-14, h
2018-06-16, h
2018-06-20, h
2018-06-23, h
2018-06-24, h
2018-06-26, h
