buy_value,sell_value,quantity,buy_wallet,sell_wallet,date_open,date_close,,,,,,,date_open,date_close
8086.02,8086.02,0.00012367,0.0000001,0.99999819,11/21/17 1:00 AM,11/21/17 1:00 AM,,,,,,,1.51124E+12,1.51124E+12
8208,8208,0.00012183,0.0000001,0.99998074,11/22/17 8:00 PM,11/22/17 8:00 PM,,,,,,,1.5114E+12,1.5114E+12
8113.45,8113.45,0.00012325,0.0000001,0.99998281,11/23/17 6:00 AM,11/23/17 6:00 AM,,,,,,,1.51143E+12,1.51143E+12
8139.81,8139.81,0.00012285,0.0000001,0.99997576,11/23/17 8:00 AM,11/23/17 8:00 AM,,,,,,,1.51144E+12,1.51144E+12
8164.95,8164.95,0.00012247,0.0000001,0.99996153,11/23/17 9:00 AM,11/23/17 9:00 AM,,,,,,,1.51145E+12,1.51145E+12
7937.96,7937.96,0.00012598,0.0000001,1.0000243,11/23/17 9:00 PM,11/23/17 9:00 PM,,,,,,,1.51149E+12,1.51149E+12
8050.01,8050.01,0.00012422,0.0000001,0.99997234,11/23/17 10:00 PM,11/23/17 10:00 PM,,,,,,,1.51149E+12,1.51149E+12
8115.88,8115.88,0.00012322,0.0000001,1.00003883,11/23/17 11:00 PM,11/23/17 11:00 PM,,,,,,,1.5115E+12,1.5115E+12
9884.5,9884.5,0.00010117,0.0000001,1.00001497,11/29/17 5:00 PM,11/29/17 5:00 PM,,,,,,,1.51199E+12,1.51199E+12
11165.41,11165.41,0.00008956,0.0000001,0.99997422,12/3/17 7:00 PM,12/3/17 7:00 PM,,,,,,,1.51235E+12,1.51235E+12
11232.71,11232.71,0.00008903,0.0000001,1.00004827,12/3/17 8:00 PM,12/3/17 8:00 PM,,,,,,,1.51235E+12,1.51235E+12
15020.55,15020.55,0.00006658,0.0000001,1.00006832,12/8/17 9:00 AM,12/8/17 9:00 AM,,,,,,,1.51274E+12,1.51274E+12
14700.01,14700.01,0.00006803,0.0000001,1.00004178,12/9/17 7:00 AM,12/9/17 7:00 AM,,,,,,,1.51282E+12,1.51282E+12
14658.98,14658.98,0.00006822,0.0000001,1.00003572,12/9/17 8:00 AM,12/9/17 8:00 AM,,,,,,,1.51282E+12,1.51282E+12
14954.32,14954.32,0.00006687,0.0000001,0.99999548,12/9/17 9:00 AM,12/9/17 9:00 AM,,,,,,,1.51283E+12,1.51283E+12
14096.04,14096.04,0.00007094,0.0000001,0.99997318,12/9/17 2:00 PM,12/9/17 2:00 PM,,,,,,,1.51285E+12,1.51285E+12
13908,13908,0.0000719,0.0000001,0.9999853,12/9/17 3:00 PM,12/9/17 3:00 PM,,,,,,,1.51285E+12,1.51285E+12
13721.02,13721.02,0.00007288,0.0000001,0.99998804,12/10/17 2:00 AM,12/10/17 2:00 AM,,,,,,,1.51289E+12,1.51289E+12
16310.54,16310.54,0.00006131,0.0000001,0.99999931,12/12/17 1:00 PM,12/12/17 1:00 PM,,,,,,,1.5131E+12,1.5131E+12
15750.51,15750.51,0.00006349,0.0000001,0.99999998,12/13/17 12:00 AM,12/13/17 12:00 AM,,,,,,,1.51314E+12,1.51314E+12
16151.61,16151.61,0.00006191,0.0000001,0.99994628,12/13/17 1:00 AM,12/13/17 1:00 AM,,,,,,,1.51314E+12,1.51314E+12
19025,19025,0.00005256,0.0000001,0.9999541,12/17/17 4:00 PM,12/17/17 4:00 PM,,,,,,,1.51354E+12,1.51354E+12
18979.97,18979.97,0.00005269,0.0000001,1.00005472,12/17/17 5:00 PM,12/17/17 5:00 PM,,,,,,,1.51355E+12,1.51355E+12
18142.32,18142.32,0.00005512,0.0000001,1.00000478,12/17/17 9:00 PM,12/17/17 9:00 PM,,,,,,,1.51356E+12,1.51356E+12
18238.94,18238.94,0.00005483,0.0000001,1.00004118,12/17/17 10:00 PM,12/17/17 10:00 PM,,,,,,,1.51357E+12,1.51357E+12
18570.03,18570.03,0.00005385,0.0000001,0.99999622,12/17/17 11:00 PM,12/17/17 11:00 PM,,,,,,,1.51357E+12,1.51357E+12
17550.5,17550.5,0.00005698,0.0000001,1.00002759,12/19/17 8:00 AM,12/19/17 8:00 AM,,,,,,,1.51369E+12,1.51369E+12
17200,17200,0.00005814,0.0000001,1.0000081,12/19/17 10:00 PM,12/19/17 10:00 PM,,,,,,,1.51374E+12,1.51374E+12
15250,15250,0.00006557,0.0000001,0.9999426,12/21/17 12:00 PM,12/21/17 12:00 PM,,,,,,,1.51388E+12,1.51388E+12
14722.01,14722.01,0.00006793,0.0000001,1.00006624,12/21/17 1:00 PM,12/21/17 1:00 PM,,,,,,,1.51388E+12,1.51388E+12
13780,13780,0.00007257,0.0000001,1.0000147,12/21/17 11:00 PM,12/21/17 11:00 PM,,,,,,,1.51392E+12,1.51392E+12
14379.99,14379.99,0.00006954,0.0000001,0.9999846,12/22/17 12:00 AM,12/22/17 12:00 AM,,,,,,,1.51392E+12,1.51392E+12
13842.86,13842.86,0.00007224,0.0000001,1.00000831,12/22/17 1:00 AM,12/22/17 1:00 AM,,,,,,,1.51392E+12,1.51392E+12
13415.68,13415.68,0.00007454,0.0000001,1.00000489,12/22/17 5:00 AM,12/22/17 5:00 AM,,,,,,,1.51394E+12,1.51394E+12
12660.27,12660.27,0.00007899,0.0000001,1.00003483,12/22/17 11:00 AM,12/22/17 11:00 AM,,,,,,,1.51396E+12,1.51396E+12
12567.08,12567.08,0.00007957,0.0000001,0.99996266,12/22/17 12:00 PM,12/22/17 12:00 PM,,,,,,,1.51396E+12,1.51396E+12
12157.98,12157.98,0.00008225,0.0000001,0.99999395,12/23/17 10:00 PM,12/23/17 10:00 PM,,,,,,,1.51408E+12,1.51408E+12
13070.2,13070.2,0.00007651,0.0000001,1.0000011,12/24/17 12:00 AM,12/24/17 12:00 AM,,,,,,,1.51409E+12,1.51409E+12
13436.29,13436.29,0.00007443,0.0000001,1.00006316,12/24/17 1:00 AM,12/24/17 1:00 AM,,,,,,,1.5141E+12,1.5141E+12
12899.89,12899.89,0.00007752,0.0000001,0.99999957,12/24/17 9:00 AM,12/24/17 9:00 AM,,,,,,,1.51412E+12,1.51412E+12
13002.61,13002.61,0.00007691,0.0000001,1.00003084,12/24/17 10:00 AM,12/24/17 10:00 AM,,,,,,,1.51413E+12,1.51413E+12
15894.83,15894.83,0.00006291,0.0000001,0.99994386,12/27/17 8:00 AM,12/27/17 8:00 AM,,,,,,,1.51438E+12,1.51438E+12
14571,14571,0.00006863,0.0000001,1.00000783,12/27/17 12:00 PM,12/27/17 12:00 PM,,,,,,,1.51439E+12,1.51439E+12
14701,14701,0.00006802,0.0000001,0.99996212,12/27/17 1:00 PM,12/27/17 1:00 PM,,,,,,,1.5144E+12,1.5144E+12
15049.07,15049.07,0.00006645,0.0000001,1.0000108,12/27/17 2:00 PM,12/27/17 2:00 PM,,,,,,,1.5144E+12,1.5144E+12
14793.25,14793.25,0.0000676,0.0000001,1.0000238,12/27/17 3:00 PM,12/27/17 3:00 PM,,,,,,,1.5144E+12,1.5144E+12
14274.58,14274.58,0.00007005,0.0000001,0.99993443,12/28/17 12:00 AM,12/28/17 12:00 AM,,,,,,,1.51444E+12,1.51444E+12
13801.19,13801.19,0.00007246,0.0000001,1.00003433,12/28/17 8:00 AM,12/28/17 8:00 AM,,,,,,,1.51447E+12,1.51447E+12
13877.69,13877.69,0.00007206,0.0000001,1.00002644,12/28/17 9:00 AM,12/28/17 9:00 AM,,,,,,,1.51447E+12,1.51447E+12
13423.64,13423.64,0.0000745,0.0000001,1.00006128,12/29/17 11:00 PM,12/29/17 11:00 PM,,,,,,,1.51461E+12,1.51461E+12
12958,12958,0.00007717,0.0000001,0.99996896,12/30/17 12:00 AM,12/30/17 12:00 AM,,,,,,,1.51461E+12,1.51461E+12
12482.78,12482.78,0.00008011,0.0000001,0.99999561,12/30/17 8:00 AM,12/30/17 8:00 AM,,,,,,,1.51464E+12,1.51464E+12
12451.88,12451.88,0.00008031,0.0000001,1.00001058,12/30/17 9:00 AM,12/30/17 9:00 AM,,,,,,,1.51464E+12,1.51464E+12
12325.98,12325.98,0.00008113,0.0000001,1.00000686,12/30/17 10:00 AM,12/30/17 10:00 AM,,,,,,,1.51465E+12,1.51465E+12
12313.99,12313.99,0.00008121,0.0000001,1.00001923,12/30/17 11:00 AM,12/30/17 11:00 AM,,,,,,,1.51465E+12,1.51465E+12
12610,12610,0.0000793,0.0000001,0.9999731,12/30/17 2:00 PM,12/30/17 2:00 PM,,,,,,,1.51466E+12,1.51466E+12
13017,13017,0.00007682,0.0000001,0.99996604,1/1/18 9:00 AM,1/1/18 9:00 AM,,,,,,,1.51482E+12,1.51482E+12
13247,13247,0.00007549,0.0000001,1.00001613,1/1/18 11:00 AM,1/1/18 11:00 AM,,,,,,,1.51482E+12,1.51482E+12
13018,13018,0.00007682,0.0000001,1.00004286,1/1/18 12:00 PM,1/1/18 12:00 PM,,,,,,,1.51483E+12,1.51483E+12
14429,14429,0.0000693,0.0000001,0.9999298,1/4/18 6:00 AM,1/4/18 6:00 AM,,,,,,,1.51506E+12,1.51506E+12
14539.97,14539.97,0.00006878,0.0000001,1.00005924,1/4/18 7:00 AM,1/4/18 7:00 AM,,,,,,,1.51507E+12,1.51507E+12
16403.01,16403.01,0.00006096,0.0000001,0.99992759,1/6/18 10:00 AM,1/6/18 10:00 AM,,,,,,,1.51525E+12,1.51525E+12
16556.22,16556.22,0.0000604,0.0000001,0.99999579,1/6/18 11:00 AM,1/6/18 11:00 AM,,,,,,,1.51525E+12,1.51525E+12
16439.65,16439.65,0.00006083,0.0000001,1.00002401,1/7/18 11:00 AM,1/7/18 11:00 AM,,,,,,,1.51534E+12,1.51534E+12
16019.25,16019.25,0.00006242,0.0000001,0.99992168,1/7/18 2:00 PM,1/7/18 2:00 PM,,,,,,,1.51535E+12,1.51535E+12
16100.9,16100.9,0.00006211,0.0000001,1.000027,1/7/18 3:00 PM,1/7/18 3:00 PM,,,,,,,1.51536E+12,1.51536E+12
16145.01,16145.01,0.00006194,0.0000001,1.00002202,1/7/18 4:00 PM,1/7/18 4:00 PM,,,,,,,1.51536E+12,1.51536E+12
15768.71,15768.71,0.00006342,0.0000001,1.00005169,1/8/18 1:00 AM,1/8/18 1:00 AM,,,,,,,1.51539E+12,1.51539E+12
15757.27,15757.27,0.00006346,0.0000001,0.99995645,1/8/18 2:00 AM,1/8/18 2:00 AM,,,,,,,1.51539E+12,1.51539E+12
15865,15865,0.00006303,0.0000001,0.99997105,1/8/18 3:00 AM,1/8/18 3:00 AM,,,,,,,1.5154E+12,1.5154E+12
15183.59,15183.59,0.00006586,0.0000001,0.99999134,1/8/18 6:00 AM,1/8/18 6:00 AM,,,,,,,1.51541E+12,1.51541E+12
15400,15400,0.00006494,0.0000001,1.0000761,1/8/18 7:00 AM,1/8/18 7:00 AM,,,,,,,1.51541E+12,1.51541E+12
15348,15348,0.00006516,0.0000001,1.00007578,1/8/18 8:00 AM,1/8/18 8:00 AM,,,,,,,1.51542E+12,1.51542E+12
14299.98,14299.98,0.00006993,0.0000001,0.9999977,1/8/18 11:00 AM,1/8/18 11:00 AM,,,,,,,1.51543E+12,1.51543E+12
14839.78,14839.78,0.00006739,0.0000001,1.00005287,1/8/18 12:00 PM,1/8/18 12:00 PM,,,,,,,1.51543E+12,1.51543E+12
14699.95,14699.95,0.00006803,0.0000001,1.0000377,1/8/18 1:00 PM,1/8/18 1:00 PM,,,,,,,1.51543E+12,1.51543E+12
14654.96,14654.96,0.00006824,0.0000001,1.00005457,1/9/18 11:00 AM,1/9/18 11:00 AM,,,,,,,1.51551E+12,1.51551E+12
14226.99,14226.99,0.00007029,0.0000001,1.00001523,1/9/18 10:00 PM,1/9/18 10:00 PM,,,,,,,1.51555E+12,1.51555E+12
13692.21,13692.21,0.00007303,0.0000001,0.9999422,1/10/18 6:00 AM,1/10/18 6:00 AM,,,,,,,1.51558E+12,1.51558E+12
12868.84,12868.84,0.00007771,0.0000001,1.00003766,1/11/18 1:00 AM,1/11/18 1:00 AM,,,,,,,1.51565E+12,1.51565E+12
13188.02,13188.02,0.00007583,0.0000001,1.00004766,1/11/18 2:00 AM,1/11/18 2:00 AM,,,,,,,1.51565E+12,1.51565E+12
13399.71,13399.71,0.00007463,0.0000001,1.00002046,1/11/18 10:00 PM,1/11/18 10:00 PM,,,,,,,1.51573E+12,1.51573E+12
13783.32,13783.32,0.00007255,0.0000001,0.99997997,1/14/18 2:00 AM,1/14/18 2:00 AM,,,,,,,1.51591E+12,1.51591E+12
13590,13590,0.00007358,0.0000001,0.9999523,1/14/18 3:00 AM,1/14/18 3:00 AM,,,,,,,1.51592E+12,1.51592E+12
13280.15,13280.15,0.0000753,0.0000001,0.99999539,1/14/18 7:00 AM,1/14/18 7:00 AM,,,,,,,1.51593E+12,1.51593E+12
13398.01,13398.01,0.00007464,0.0000001,1.00002757,1/14/18 9:00 AM,1/14/18 9:00 AM,,,,,,,1.51594E+12,1.51594E+12
13301.99,13301.99,0.00007518,0.0000001,1.00004371,1/14/18 10:00 AM,1/14/18 10:00 AM,,,,,,,1.51594E+12,1.51594E+12
13270.75,13270.75,0.00007535,0.0000001,0.99995111,1/14/18 1:00 PM,1/14/18 1:00 PM,,,,,,,1.51595E+12,1.51595E+12
13173.02,13173.02,0.00007591,0.0000001,0.99996405,1/15/18 10:00 PM,1/15/18 10:00 PM,,,,,,,1.51607E+12,1.51607E+12
12828.99,12828.99,0.00007795,0.0000001,1.00001987,1/15/18 11:00 PM,1/15/18 11:00 PM,,,,,,,1.51608E+12,1.51608E+12
10900.01,10900.01,0.00009174,0.0000001,0.99996702,1/16/18 5:00 AM,1/16/18 5:00 AM,,,,,,,1.5161E+12,1.5161E+12
11669.98,11669.98,0.00008569,0.0000001,1.00000069,1/16/18 6:00 AM,1/16/18 6:00 AM,,,,,,,1.5161E+12,1.5161E+12
12127.16,12127.16,0.00008246,0.0000001,1.00000571,1/16/18 7:00 AM,1/16/18 7:00 AM,,,,,,,1.5161E+12,1.5161E+12
10650.18,10650.18,0.0000939,0.0000001,1.000052,1/16/18 4:00 PM,1/16/18 4:00 PM,,,,,,,1.51614E+12,1.51614E+12
10674.38,10674.38,0.00009368,0.0000001,0.99997602,1/16/18 6:00 PM,1/16/18 6:00 PM,,,,,,,1.51614E+12,1.51614E+12
10900,10900,0.00009174,0.0000001,0.9999661,1/16/18 7:00 PM,1/16/18 7:00 PM,,,,,,,1.51615E+12,1.51615E+12
10700.07,10700.07,0.00009346,0.0000001,1.00002864,1/16/18 8:00 PM,1/16/18 8:00 PM,,,,,,,1.51615E+12,1.51615E+12
11120.04,11120.04,0.00008993,0.0000001,1.0000253,1/19/18 1:00 AM,1/19/18 1:00 AM,,,,,,,1.51634E+12,1.51634E+12
12499.96,12499.96,0.00008,0.0000001,0.9999969,1/20/18 10:00 PM,1/20/18 10:00 PM,,,,,,,1.5165E+12,1.5165E+12
12400,12400,0.00008065,0.0000001,1.0000601,1/20/18 11:00 PM,1/20/18 11:00 PM,,,,,,,1.51651E+12,1.51651E+12
11826.99,11826.99,0.00008455,0.0000001,0.9999721,1/21/18 2:00 AM,1/21/18 2:00 AM,,,,,,,1.51652E+12,1.51652E+12
11701.14,11701.14,0.00008546,0.0000001,0.99997952,1/21/18 3:00 AM,1/21/18 3:00 AM,,,,,,,1.51652E+12,1.51652E+12
11780,11780,0.00008489,0.0000001,1.0000043,1/21/18 4:00 AM,1/21/18 4:00 AM,,,,,,,1.51653E+12,1.51653E+12
11633.23,11633.23,0.00008596,0.0000001,0.99999255,1/21/18 5:00 AM,1/21/18 5:00 AM,,,,,,,1.51653E+12,1.51653E+12
11344.57,11344.57,0.00008815,0.0000001,1.00002395,1/21/18 2:00 PM,1/21/18 2:00 PM,,,,,,,1.51656E+12,1.51656E+12
11356.99,11356.99,0.00008805,0.0000001,0.99998307,1/21/18 3:00 PM,1/21/18 3:00 PM,,,,,,,1.51656E+12,1.51656E+12
11129.53,11129.53,0.00008985,0.0000001,0.99998837,1/21/18 6:00 PM,1/21/18 6:00 PM,,,,,,,1.51658E+12,1.51658E+12
11530,11530,0.00008673,0.0000001,0.999997,1/21/18 7:00 PM,1/21/18 7:00 PM,,,,,,,1.51658E+12,1.51658E+12
10330,10330,0.00009681,0.0000001,1.0000474,1/22/18 11:00 AM,1/22/18 11:00 AM,,,,,,,1.51664E+12,1.51664E+12
10540,10540,0.00009488,0.0000001,1.0000353,1/22/18 1:00 PM,1/22/18 1:00 PM,,,,,,,1.51664E+12,1.51664E+12
10760.05,10760.05,0.00009294,0.0000001,1.00003915,1/22/18 7:00 PM,1/22/18 7:00 PM,,,,,,,1.51667E+12,1.51667E+12
11056,11056,0.00009045,0.0000001,1.0000153,1/25/18 1:00 PM,1/25/18 1:00 PM,,,,,,,1.5169E+12,1.5169E+12
11250,11250,0.00008889,0.0000001,1.0000126,1/25/18 2:00 PM,1/25/18 2:00 PM,,,,,,,1.51691E+12,1.51691E+12
10520,10520,0.00009506,0.0000001,1.0000313,1/26/18 6:00 AM,1/26/18 6:00 AM,,,,,,,1.51696E+12,1.51696E+12
10513.97,10513.97,0.00009511,0.0000001,0.99998379,1/26/18 7:00 AM,1/26/18 7:00 AM,,,,,,,1.51697E+12,1.51697E+12
11598.98,11598.98,0.00008621,0.0000001,0.99994817,1/28/18 11:00 PM,1/28/18 11:00 PM,,,,,,,1.5172E+12,1.5172E+12
11701.01,11701.01,0.00008546,0.0000001,0.99996841,1/29/18 12:00 AM,1/29/18 12:00 AM,,,,,,,1.5172E+12,1.5172E+12
11426,11426,0.00008752,0.0000001,1.00000362,1/29/18 4:00 AM,1/29/18 4:00 AM,,,,,,,1.51722E+12,1.51722E+12
11429.98,11429.98,0.00008749,0.0000001,1.00000905,1/29/18 6:00 AM,1/29/18 6:00 AM,,,,,,,1.51722E+12,1.51722E+12
11359.47,11359.47,0.00008803,0.0000001,0.99997424,1/29/18 9:00 AM,1/29/18 9:00 AM,,,,,,,1.51723E+12,1.51723E+12
10995.06,10995.06,0.00009095,0.0000001,1.00000081,1/29/18 11:00 PM,1/29/18 11:00 PM,,,,,,,1.51728E+12,1.51728E+12
11061.87,11061.87,0.0000904,0.0000001,0.99999315,1/30/18 1:00 AM,1/30/18 1:00 AM,,,,,,,1.51729E+12,1.51729E+12
10323.02,10323.02,0.00009687,0.0000001,0.99999105,1/30/18 11:00 AM,1/30/18 11:00 AM,,,,,,,1.51733E+12,1.51733E+12
10435.97,10435.97,0.00009582,0.0000001,0.99997475,1/30/18 12:00 PM,1/30/18 12:00 PM,,,,,,,1.51733E+12,1.51733E+12
10235,10235,0.0000977,0.0000001,0.9999596,1/30/18 1:00 PM,1/30/18 1:00 PM,,,,,,,1.51734E+12,1.51734E+12
10174.21,10174.21,0.00009829,0.0000001,1.0000232,1/30/18 4:00 PM,1/30/18 4:00 PM,,,,,,,1.51735E+12,1.51735E+12
10229.84,10229.84,0.00009775,0.0000001,0.99996696,1/30/18 10:00 PM,1/30/18 10:00 PM,,,,,,,1.51737E+12,1.51737E+12
10060,10060,0.0000994,0.0000001,0.9999641,1/30/18 11:00 PM,1/30/18 11:00 PM,,,,,,,1.51737E+12,1.51737E+12
9501.9,9501.9,0.00010524,0.0000001,0.99998006,2/1/18 6:00 AM,2/1/18 6:00 AM,,,,,,,1.51748E+12,1.51748E+12
9591.44,9591.44,0.00010426,0.0000001,1.00000363,2/1/18 7:00 AM,2/1/18 7:00 AM,,,,,,,1.51749E+12,1.51749E+12
9480,9480,0.00010549,0.0000001,1.0000453,2/1/18 8:00 AM,2/1/18 8:00 AM,,,,,,,1.51749E+12,1.51749E+12
9294.95,9294.95,0.00010759,0.0000001,1.00004377,2/1/18 9:00 AM,2/1/18 9:00 AM,,,,,,,1.51749E+12,1.51749E+12
9430.15,9430.15,0.00010604,0.0000001,0.99997321,2/1/18 10:00 AM,2/1/18 10:00 AM,,,,,,,1.5175E+12,1.5175E+12
9339.87,9339.87,0.00010707,0.0000001,1.00001998,2/1/18 11:00 AM,2/1/18 11:00 AM,,,,,,,1.5175E+12,1.5175E+12
9130.03,9130.03,0.00010953,0.0000001,1.00001229,2/1/18 2:00 PM,2/1/18 2:00 PM,,,,,,,1.51751E+12,1.51751E+12
9355.89,9355.89,0.00010688,0.0000001,0.99995762,2/1/18 5:00 PM,2/1/18 5:00 PM,,,,,,,1.51752E+12,1.51752E+12
9120,9120,0.00010965,0.0000001,1.0000081,2/1/18 6:00 PM,2/1/18 6:00 PM,,,,,,,1.51753E+12,1.51753E+12
8883.11,8883.11,0.00011257,0.0000001,0.99997179,2/1/18 11:00 PM,2/1/18 11:00 PM,,,,,,,1.51754E+12,1.51754E+12
8506.48,8506.48,0.00011756,0.0000001,1.00002189,2/2/18 4:00 AM,2/2/18 4:00 AM,,,,,,,1.51756E+12,1.51756E+12
8337.21,8337.21,0.00011994,0.0000001,0.99996507,2/2/18 6:00 AM,2/2/18 6:00 AM,,,,,,,1.51757E+12,1.51757E+12
8299.75,8299.75,0.00012049,0.0000001,1.00003698,2/2/18 7:00 AM,2/2/18 7:00 AM,,,,,,,1.51757E+12,1.51757E+12
8878.06,8878.06,0.00011264,0.0000001,1.00002478,2/2/18 9:00 AM,2/2/18 9:00 AM,,,,,,,1.51758E+12,1.51758E+12
8749.99,8749.99,0.00011429,0.0000001,1.00003646,2/2/18 10:00 AM,2/2/18 10:00 AM,,,,,,,1.51758E+12,1.51758E+12
8691.99,8691.99,0.00011505,0.0000001,1.00001355,2/4/18 7:00 AM,2/4/18 7:00 AM,,,,,,,1.51775E+12,1.51775E+12
8745.93,8745.93,0.00011434,0.0000001,1.00000974,2/4/18 8:00 AM,2/4/18 8:00 AM,,,,,,,1.51775E+12,1.51775E+12
8681,8681,0.00011519,0.0000001,0.99996449,2/4/18 9:00 AM,2/4/18 9:00 AM,,,,,,,1.51775E+12,1.51775E+12
8630,8630,0.00011587,0.0000001,0.9999582,2/4/18 10:00 AM,2/4/18 10:00 AM,,,,,,,1.51776E+12,1.51776E+12
8481.95,8481.95,0.0001179,0.0000001,1.00002201,2/4/18 1:00 PM,2/4/18 1:00 PM,,,,,,,1.51777E+12,1.51777E+12
8349.04,8349.04,0.00011977,0.0000001,0.99996462,2/4/18 2:00 PM,2/4/18 2:00 PM,,,,,,,1.51777E+12,1.51777E+12
8204.02,8204.02,0.00012189,0.0000001,0.9999881,2/4/18 4:00 PM,2/4/18 4:00 PM,,,,,,,1.51778E+12,1.51778E+12
8081.83,8081.83,0.00012373,0.0000001,0.99996493,2/4/18 5:00 PM,2/4/18 5:00 PM,,,,,,,1.51778E+12,1.51778E+12
8444,8444,0.00011843,0.0000001,1.00002302,2/4/18 6:00 PM,2/4/18 6:00 PM,,,,,,,1.51779E+12,1.51779E+12
8300.03,8300.03,0.00012048,0.0000001,0.99998771,2/5/18 12:00 AM,2/5/18 12:00 AM,,,,,,,1.51781E+12,1.51781E+12
7699.99,7699.99,0.00012987,0.0000001,0.9999978,2/5/18 6:00 AM,2/5/18 6:00 AM,,,,,,,1.51783E+12,1.51783E+12
7578,7578,0.00013196,0.0000001,0.99999298,2/5/18 7:00 AM,2/5/18 7:00 AM,,,,,,,1.51783E+12,1.51783E+12
7682.05,7682.05,0.00013017,0.0000001,0.99997255,2/5/18 8:00 AM,2/5/18 8:00 AM,,,,,,,1.51784E+12,1.51784E+12
7636.18,7636.18,0.00013096,0.0000001,1.00003423,2/5/18 9:00 AM,2/5/18 9:00 AM,,,,,,,1.51784E+12,1.51784E+12
7295.01,7295.01,0.00013708,0.0000001,1.00000007,2/5/18 12:00 PM,2/5/18 12:00 PM,,,,,,,1.51785E+12,1.51785E+12
7089.99,7089.99,0.00014104,0.0000001,0.99997229,2/5/18 1:00 PM,2/5/18 1:00 PM,,,,,,,1.51785E+12,1.51785E+12
6698.33,6698.33,0.00014929,0.0000001,0.99999379,2/5/18 3:00 PM,2/5/18 3:00 PM,,,,,,,1.51786E+12,1.51786E+12
7188.38,7188.38,0.00013911,0.0000001,0.99997564,2/5/18 4:00 PM,2/5/18 4:00 PM,,,,,,,1.51786E+12,1.51786E+12
7147.97,7147.97,0.0001399,0.0000001,1.0000011,2/5/18 5:00 PM,2/5/18 5:00 PM,,,,,,,1.51787E+12,1.51787E+12
6859.98,6859.98,0.00014577,0.0000001,0.99997938,2/5/18 6:00 PM,2/5/18 6:00 PM,,,,,,,1.51787E+12,1.51787E+12
6327.05,6327.05,0.00015805,0.0000001,0.99999035,2/5/18 11:00 PM,2/5/18 11:00 PM,,,,,,,1.51789E+12,1.51789E+12
6109.08,6109.08,0.00016369,0.0000001,0.99999541,2/6/18 12:00 AM,2/6/18 12:00 AM,,,,,,,1.51789E+12,1.51789E+12
6497.98,6497.98,0.00015389,0.0000001,0.99997424,2/6/18 1:00 AM,2/6/18 1:00 AM,,,,,,,1.5179E+12,1.5179E+12
6250.79,6250.79,0.00015998,0.0000001,1.00000148,2/6/18 2:00 AM,2/6/18 2:00 AM,,,,,,,1.5179E+12,1.5179E+12
6043,6043,0.00016548,0.0000001,0.99999574,2/6/18 3:00 AM,2/6/18 3:00 AM,,,,,,,1.5179E+12,1.5179E+12
6668.77,6668.77,0.00014995,0.0000001,0.99998216,2/6/18 5:00 AM,2/6/18 5:00 AM,,,,,,,1.51791E+12,1.51791E+12
8290,8290,0.00012063,0.0000001,1.0000228,2/10/18 12:28 PM,2/10/18 12:28 PM,,,,,,,1.51828E+12,1.51828E+12
8360.06,8360.06,0.00011962,0.0000001,1.00003048,2/10/18 1:28 PM,2/10/18 1:28 PM,,,,,,,1.51829E+12,1.51829E+12
8286.06,8286.06,0.00012068,0.0000001,0.99996182,2/10/18 2:28 PM,2/10/18 2:28 PM,,,,,,,1.51829E+12,1.51829E+12
7925.49,7925.49,0.00012618,0.0000001,1.00003843,2/11/18 12:00 AM,2/11/18 12:00 AM,,,,,,,1.51833E+12,1.51833E+12
8100,8100,0.00012346,0.0000001,1.0000261,2/11/18 1:00 AM,2/11/18 1:00 AM,,,,,,,1.51833E+12,1.51833E+12
8011.35,8011.35,0.00012482,0.0000001,0.99997681,2/11/18 2:00 AM,2/11/18 2:00 AM,,,,,,,1.51833E+12,1.51833E+12
8125.89,8125.89,0.00012306,0.0000001,0.99997212,2/11/18 5:00 AM,2/11/18 5:00 AM,,,,,,,1.51834E+12,1.51834E+12
7988.1,7988.1,0.00012519,0.0000001,1.00003034,2/11/18 6:00 AM,2/11/18 6:00 AM,,,,,,,1.51835E+12,1.51835E+12
8491.04,8491.04,0.00011777,0.0000001,0.99998988,2/13/18 6:00 AM,2/13/18 6:00 AM,,,,,,,1.51852E+12,1.51852E+12
8531.47,8531.47,0.00011721,0.0000001,0.9999737,2/13/18 7:00 AM,2/13/18 7:00 AM,,,,,,,1.51852E+12,1.51852E+12
8586.7,8586.7,0.00011646,0.0000001,1.00000718,2/13/18 8:00 AM,2/13/18 8:00 AM,,,,,,,1.51853E+12,1.51853E+12
10589.76,10589.76,0.00009443,0.0000001,0.99999114,2/18/18 3:00 AM,2/18/18 3:00 AM,,,,,,,1.51894E+12,1.51894E+12
10333.94,10333.94,0.00009677,0.0000001,1.00001547,2/18/18 4:00 AM,2/18/18 4:00 AM,,,,,,,1.51894E+12,1.51894E+12
10470,10470,0.00009551,0.0000001,0.9999898,2/18/18 6:00 AM,2/18/18 6:00 AM,,,,,,,1.51895E+12,1.51895E+12
10550,10550,0.00009479,0.0000001,1.0000346,2/18/18 7:00 AM,2/18/18 7:00 AM,,,,,,,1.51896E+12,1.51896E+12
11079.54,11079.54,0.00009026,0.0000001,1.00003938,2/20/18 9:00 PM,2/20/18 9:00 PM,,,,,,,1.51918E+12,1.51918E+12
11042.84,11042.84,0.00009056,0.0000001,1.00003969,2/20/18 10:00 PM,2/20/18 10:00 PM,,,,,,,1.51918E+12,1.51918E+12
11073.06,11073.06,0.00009031,0.0000001,1.00000815,2/21/18 2:00 AM,2/21/18 2:00 AM,,,,,,,1.5192E+12,1.5192E+12
10428.06,10428.06,0.0000959,0.0000001,1.00005105,2/21/18 12:00 PM,2/21/18 12:00 PM,,,,,,,1.51923E+12,1.51923E+12
10522.8,10522.8,0.00009503,0.0000001,0.99998178,2/21/18 1:00 PM,2/21/18 1:00 PM,,,,,,,1.51924E+12,1.51924E+12
10501.04,10501.04,0.00009523,0.0000001,1.00001414,2/21/18 2:00 PM,2/21/18 2:00 PM,,,,,,,1.51924E+12,1.51924E+12
10460,10460,0.0000956,0.0000001,0.9999761,2/21/18 6:00 PM,2/21/18 6:00 PM,,,,,,,1.51925E+12,1.51925E+12
9883.01,9883.01,0.00010118,0.0000001,0.99996305,2/22/18 8:00 AM,2/22/18 8:00 AM,,,,,,,1.5193E+12,1.5193E+12
9875,9875,0.00010127,0.0000001,1.00004135,2/22/18 10:00 AM,2/22/18 10:00 AM,,,,,,,1.51931E+12,1.51931E+12
9980.98,9980.98,0.00010019,0.0000001,0.99999449,2/22/18 11:00 AM,2/22/18 11:00 AM,,,,,,,1.51932E+12,1.51932E+12
9896.96,9896.96,0.00010104,0.0000001,0.99998894,2/22/18 12:00 PM,2/22/18 12:00 PM,,,,,,,1.51932E+12,1.51932E+12
10027.7,10027.7,0.00009972,0.0000001,0.99996234,2/22/18 3:00 PM,2/22/18 3:00 PM,,,,,,,1.51933E+12,1.51933E+12
9726.2,9726.2,0.00010282,0.0000001,1.00004798,2/22/18 10:00 PM,2/22/18 10:00 PM,,,,,,,1.51935E+12,1.51935E+12
9807.89,9807.89,0.00010196,0.0000001,1.00001256,2/22/18 11:00 PM,2/22/18 11:00 PM,,,,,,,1.51936E+12,1.51936E+12
9782.64,9782.64,0.00010222,0.0000001,0.99998156,2/24/18 8:00 AM,2/24/18 8:00 AM,,,,,,,1.51948E+12,1.51948E+12
9630.14,9630.14,0.00010384,0.0000001,0.99999384,2/24/18 9:00 AM,2/24/18 9:00 AM,,,,,,,1.51948E+12,1.51948E+12
9748.25,9748.25,0.00010258,0.0000001,0.99997558,2/24/18 10:00 AM,2/24/18 10:00 AM,,,,,,,1.51948E+12,1.51948E+12
9752.07,9752.07,0.00010254,0.0000001,0.99997736,2/24/18 11:00 AM,2/24/18 11:00 AM,,,,,,,1.51949E+12,1.51949E+12
9494.79,9494.79,0.00010532,0.0000001,0.99999138,2/24/18 5:00 PM,2/24/18 5:00 PM,,,,,,,1.51951E+12,1.51951E+12
9580.15,9580.15,0.00010438,0.0000001,0.99997616,2/24/18 6:00 PM,2/24/18 6:00 PM,,,,,,,1.51951E+12,1.51951E+12
9359.59,9359.59,0.00010684,0.0000001,0.9999787,2/25/18 1:00 PM,2/25/18 1:00 PM,,,,,,,1.51958E+12,1.51958E+12
9562,9562,0.00010458,0.0000001,0.99999406,2/25/18 4:00 PM,2/25/18 4:00 PM,,,,,,,1.51959E+12,1.51959E+12
10528,10528,0.00009498,0.0000001,0.99994954,2/28/18 10:00 AM,2/28/18 10:00 AM,,,,,,,1.51983E+12,1.51983E+12
10418,10418,0.00009599,0.0000001,1.00002392,2/28/18 9:00 PM,2/28/18 9:00 PM,,,,,,,1.51987E+12,1.51987E+12
10331,10331,0.0000968,0.0000001,1.0000409,2/28/18 10:00 PM,2/28/18 10:00 PM,,,,,,,1.51987E+12,1.51987E+12
10864,10864,0.00009205,0.0000001,1.0000313,3/2/18 12:00 PM,3/2/18 12:00 PM,,,,,,,1.52001E+12,1.52001E+12
11228.72,11228.72,0.00008906,0.0000001,1.0000299,3/4/18 1:00 AM,3/4/18 1:00 AM,,,,,,,1.52014E+12,1.52014E+12
11125.7,11125.7,0.00008988,0.0000001,0.99997802,3/4/18 2:00 AM,3/4/18 2:00 AM,,,,,,,1.52015E+12,1.52015E+12
11256.75,11256.75,0.00008884,0.0000001,1.00004977,3/4/18 5:00 AM,3/4/18 5:00 AM,,,,,,,1.52016E+12,1.52016E+12
11282.71,11282.71,0.00008863,0.0000001,0.99998669,3/5/18 10:00 PM,3/5/18 10:00 PM,,,,,,,1.52031E+12,1.52031E+12
11280.01,11280.01,0.00008865,0.0000001,0.99997299,3/5/18 11:00 PM,3/5/18 11:00 PM,,,,,,,1.52031E+12,1.52031E+12
11290,11290,0.00008857,0.0000001,0.9999554,3/6/18 12:00 AM,3/6/18 12:00 AM,,,,,,,1.52031E+12,1.52031E+12
10913,10913,0.00009163,0.0000001,0.99995829,3/6/18 8:00 AM,3/6/18 8:00 AM,,,,,,,1.52034E+12,1.52034E+12
10813.73,10813.73,0.00009248,0.0000001,1.00005385,3/6/18 9:00 AM,3/6/18 9:00 AM,,,,,,,1.52034E+12,1.52034E+12
10966,10966,0.00009119,0.0000001,0.99998964,3/6/18 11:00 AM,3/6/18 11:00 AM,,,,,,,1.52035E+12,1.52035E+12
10707,10707,0.0000934,0.0000001,1.0000339,3/6/18 3:00 PM,3/6/18 3:00 PM,,,,,,,1.52037E+12,1.52037E+12
10655.83,10655.83,0.00009385,0.0000001,1.00004975,3/6/18 4:00 PM,3/6/18 4:00 PM,,,,,,,1.52037E+12,1.52037E+12
10795,10795,0.00009264,0.0000001,1.0000489,3/6/18 5:00 PM,3/6/18 5:00 PM,,,,,,,1.52037E+12,1.52037E+12
10532.05,10532.05,0.00009495,0.0000001,1.00001825,3/7/18 4:00 AM,3/7/18 4:00 AM,,,,,,,1.52041E+12,1.52041E+12
10452.17,10452.17,0.00009567,0.0000001,0.9999592,3/7/18 5:00 AM,3/7/18 5:00 AM,,,,,,,1.52042E+12,1.52042E+12
9700.76,9700.76,0.00010308,0.0000001,0.99995444,3/7/18 2:00 PM,3/7/18 2:00 PM,,,,,,,1.52045E+12,1.52045E+12
9844.18,9844.18,0.00010158,0.0000001,0.9999719,3/7/18 3:00 PM,3/7/18 3:00 PM,,,,,,,1.52045E+12,1.52045E+12
9327.67,9327.67,0.00010721,0.0000001,1.0000196,3/8/18 2:00 PM,3/8/18 2:00 PM,,,,,,,1.52054E+12,1.52054E+12
9357.86,9357.86,0.00010686,0.0000001,0.99998102,3/8/18 3:00 PM,3/8/18 3:00 PM,,,,,,,1.52054E+12,1.52054E+12
8953.01,8953.01,0.00011169,0.0000001,0.99996179,3/8/18 11:00 PM,3/8/18 11:00 PM,,,,,,,1.52057E+12,1.52057E+12
8619.08,8619.08,0.00011602,0.0000001,0.99998576,3/9/18 12:00 AM,3/9/18 12:00 AM,,,,,,,1.52057E+12,1.52057E+12
8825.84,8825.84,0.0001133,0.0000001,0.99996777,3/9/18 2:00 AM,3/9/18 2:00 AM,,,,,,,1.52058E+12,1.52058E+12
8686.43,8686.43,0.00011512,0.0000001,0.99998192,3/9/18 3:00 AM,3/9/18 3:00 AM,,,,,,,1.52058E+12,1.52058E+12
8672.16,8672.16,0.00011531,0.0000001,0.99998687,3/9/18 4:00 AM,3/9/18 4:00 AM,,,,,,,1.52059E+12,1.52059E+12
8825,8825,0.00011331,0.0000001,0.99996085,3/10/18 4:00 PM,3/10/18 4:00 PM,,,,,,,1.52072E+12,1.52072E+12
8829.99,8829.99,0.00011325,0.0000001,0.99999647,3/10/18 6:00 PM,3/10/18 6:00 PM,,,,,,,1.52072E+12,1.52072E+12
8770.22,8770.22,0.00011402,0.0000001,0.99998058,3/10/18 7:00 PM,3/10/18 7:00 PM,,,,,,,1.52073E+12,1.52073E+12
8500.05,8500.05,0.00011765,0.0000001,1.00003098,3/10/18 8:00 PM,3/10/18 8:00 PM,,,,,,,1.52073E+12,1.52073E+12
8708.44,8708.44,0.00011483,0.0000001,0.99999027,3/10/18 10:00 PM,3/10/18 10:00 PM,,,,,,,1.52074E+12,1.52074E+12
9195,9195,0.00010875,0.0000001,0.99995635,3/12/18 12:00 PM,3/12/18 12:00 PM,,,,,,,1.52087E+12,1.52087E+12
9176.48,9176.48,0.00010897,0.0000001,0.99996113,3/12/18 1:00 PM,3/12/18 1:00 PM,,,,,,,1.52088E+12,1.52088E+12
9210,9210,0.00010858,0.0000001,1.0000219,3/12/18 2:00 PM,3/12/18 2:00 PM,,,,,,,1.52088E+12,1.52088E+12
9128.9,9128.9,0.00010954,0.0000001,0.99997981,3/12/18 5:00 PM,3/12/18 5:00 PM,,,,,,,1.52089E+12,1.52089E+12
9075.46,9075.46,0.00011019,0.0000001,1.00002504,3/12/18 6:00 PM,3/12/18 6:00 PM,,,,,,,1.5209E+12,1.5209E+12
8675.08,8675.08,0.00011527,0.0000001,0.99997657,3/14/18 7:00 AM,3/14/18 7:00 AM,,,,,,,1.52103E+12,1.52103E+12
8688.99,8688.99,0.00011509,0.0000001,1.00001596,3/14/18 8:00 AM,3/14/18 8:00 AM,,,,,,,1.52103E+12,1.52103E+12
8672.11,8672.11,0.00011531,0.0000001,0.9999811,3/14/18 9:00 AM,3/14/18 9:00 AM,,,,,,,1.52104E+12,1.52104E+12
8752,8752,0.00011426,0.0000001,1.00000362,3/14/18 10:00 AM,3/14/18 10:00 AM,,,,,,,1.52104E+12,1.52104E+12
8250.17,8250.17,0.00012121,0.0000001,1.00000321,3/14/18 2:00 PM,3/14/18 2:00 PM,,,,,,,1.52105E+12,1.52105E+12
8285.97,8285.97,0.00012069,0.0000001,1.00003382,3/14/18 3:00 PM,3/14/18 3:00 PM,,,,,,,1.52106E+12,1.52106E+12
8298.84,8298.84,0.0001205,0.0000001,1.00001032,3/14/18 4:00 PM,3/14/18 4:00 PM,,,,,,,1.52106E+12,1.52106E+12
8170,8170,0.0001224,0.0000001,1.0000081,3/14/18 7:00 PM,3/14/18 7:00 PM,,,,,,,1.52107E+12,1.52107E+12
7890,7890,0.00012674,0.0000001,0.9999787,3/15/18 12:00 AM,3/15/18 12:00 AM,,,,,,,1.52109E+12,1.52109E+12
8185.01,8185.01,0.00012217,0.0000001,0.99996277,3/15/18 4:00 AM,3/15/18 4:00 AM,,,,,,,1.5211E+12,1.5211E+12
7965,7965,0.00012555,0.0000001,1.00000585,3/17/18 10:00 AM,3/17/18 10:00 AM,,,,,,,1.5213E+12,1.5213E+12
7887.11,7887.11,0.00012679,0.0000001,1.00000678,3/17/18 11:00 AM,3/17/18 11:00 AM,,,,,,,1.5213E+12,1.5213E+12
7919.84,7919.84,0.00012627,0.0000001,1.0000383,3/17/18 1:00 PM,3/17/18 1:00 PM,,,,,,,1.52131E+12,1.52131E+12
7832,7832,0.00012768,0.0000001,0.99998986,3/17/18 4:00 PM,3/17/18 4:00 PM,,,,,,,1.52132E+12,1.52132E+12
7919.56,7919.56,0.00012627,0.0000001,1.00000294,3/17/18 5:00 PM,3/17/18 5:00 PM,,,,,,,1.52132E+12,1.52132E+12
7645.6,7645.6,0.00013079,0.0000001,0.99996812,3/17/18 10:00 PM,3/17/18 10:00 PM,,,,,,,1.52134E+12,1.52134E+12
7584.75,7584.75,0.00013184,0.0000001,0.99997354,3/18/18 12:00 AM,3/18/18 12:00 AM,,,,,,,1.52135E+12,1.52135E+12
7740.42,7740.42,0.00012919,0.0000001,0.99998496,3/18/18 2:00 AM,3/18/18 2:00 AM,,,,,,,1.52136E+12,1.52136E+12
7375.83,7375.83,0.00013558,0.0000001,1.00001513,3/18/18 12:00 PM,3/18/18 12:00 PM,,,,,,,1.52139E+12,1.52139E+12
8879,8879,0.00011263,0.0000001,1.00004187,3/21/18 2:00 PM,3/21/18 2:00 PM,,,,,,,1.52166E+12,1.52166E+12
8862.92,8862.92,0.00011283,0.0000001,1.00000336,3/21/18 3:00 PM,3/21/18 3:00 PM,,,,,,,1.52166E+12,1.52166E+12
8642.01,8642.01,0.00011571,0.0000001,0.99996708,3/22/18 7:00 AM,3/22/18 7:00 AM,,,,,,,1.52172E+12,1.52172E+12
8715,8715,0.00011474,0.0000001,0.9999592,3/22/18 8:00 AM,3/22/18 8:00 AM,,,,,,,1.52172E+12,1.52172E+12
8588.14,8588.14,0.00011644,0.0000001,1.00000312,3/22/18 9:00 AM,3/22/18 9:00 AM,,,,,,,1.52173E+12,1.52173E+12
8611.51,8611.51,0.00011612,0.0000001,0.99996864,3/22/18 11:00 AM,3/22/18 11:00 AM,,,,,,,1.52173E+12,1.52173E+12
8608.99,8608.99,0.00011616,0.0000001,1.00002038,3/22/18 12:00 PM,3/22/18 12:00 PM,,,,,,,1.52174E+12,1.52174E+12
8403.14,8403.14,0.000119,0.0000001,0.99997376,3/23/18 12:00 AM,3/23/18 12:00 AM,,,,,,,1.52178E+12,1.52178E+12
8429.07,8429.07,0.00011864,0.0000001,1.00002496,3/23/18 1:00 AM,3/23/18 1:00 AM,,,,,,,1.52178E+12,1.52178E+12
8566.97,8566.97,0.00011673,0.0000001,1.00002251,3/23/18 10:00 AM,3/23/18 10:00 AM,,,,,,,1.52182E+12,1.52182E+12
8613,8613,0.0001161,0.0000001,0.9999694,3/23/18 11:00 AM,3/23/18 11:00 AM,,,,,,,1.52182E+12,1.52182E+12
8546.86,8546.86,0.000117,0.0000001,0.99998272,3/24/18 7:00 PM,3/24/18 7:00 PM,,,,,,,1.52194E+12,1.52194E+12
8539.98,8539.98,0.0001171,0.0000001,1.00003176,3/24/18 8:00 PM,3/24/18 8:00 PM,,,,,,,1.52194E+12,1.52194E+12
8518,8518,0.0001174,0.0000001,1.0000133,3/24/18 9:00 PM,3/24/18 9:00 PM,,,,,,,1.52194E+12,1.52194E+12
8465.03,8465.03,0.00011813,0.0000001,0.99997409,3/24/18 10:00 PM,3/24/18 10:00 PM,,,,,,,1.52195E+12,1.52195E+12
8524.59,8524.59,0.00011731,0.0000001,1.00001975,3/25/18 12:00 AM,3/25/18 12:00 AM,,,,,,,1.52195E+12,1.52195E+12
8521,8521,0.00011736,0.0000001,1.00002466,3/25/18 1:00 AM,3/25/18 1:00 AM,,,,,,,1.52196E+12,1.52196E+12
8503,8503,0.00011761,0.0000001,1.00003793,3/25/18 5:00 AM,3/25/18 5:00 AM,,,,,,,1.52197E+12,1.52197E+12
8574.58,8574.58,0.00011662,0.0000001,0.99996762,3/25/18 9:00 AM,3/25/18 9:00 AM,,,,,,,1.52199E+12,1.52199E+12
8440.92,8440.92,0.00011847,0.0000001,0.99999589,3/25/18 11:00 PM,3/25/18 11:00 PM,,,,,,,1.52204E+12,1.52204E+12
8089,8089,0.00012362,0.0000001,0.99996228,3/26/18 7:00 AM,3/26/18 7:00 AM,,,,,,,1.52207E+12,1.52207E+12
8106.99,8106.99,0.00012335,0.0000001,0.99999732,3/26/18 8:00 AM,3/26/18 8:00 AM,,,,,,,1.52207E+12,1.52207E+12
8095,8095,0.00012353,0.0000001,0.99997545,3/26/18 9:00 AM,3/26/18 9:00 AM,,,,,,,1.52207E+12,1.52207E+12
8081,8081,0.00012375,0.0000001,1.00002385,3/26/18 10:00 AM,3/26/18 10:00 AM,,,,,,,1.52208E+12,1.52208E+12
7910.03,7910.03,0.00012642,0.0000001,0.99998609,3/26/18 3:00 PM,3/26/18 3:00 PM,,,,,,,1.52209E+12,1.52209E+12
7880,7880,0.0001269,0.0000001,0.9999721,3/26/18 5:00 PM,3/26/18 5:00 PM,,,,,,,1.5221E+12,1.5221E+12
8195.65,8195.65,0.00012202,0.0000001,1.00003331,3/26/18 6:00 PM,3/26/18 6:00 PM,,,,,,,1.52211E+12,1.52211E+12
8134.23,8134.23,0.00012294,0.0000001,1.00002234,3/26/18 7:00 PM,3/26/18 7:00 PM,,,,,,,1.52211E+12,1.52211E+12
7920.03,7920.03,0.00012626,0.0000001,0.99998309,3/27/18 1:00 AM,3/27/18 1:00 AM,,,,,,,1.52213E+12,1.52213E+12
7963.96,7963.96,0.00012557,0.0000001,1.00003456,3/27/18 2:00 AM,3/27/18 2:00 AM,,,,,,,1.52213E+12,1.52213E+12
7917.09,7917.09,0.00012631,0.0000001,1.00000774,3/27/18 3:00 AM,3/27/18 3:00 AM,,,,,,,1.52214E+12,1.52214E+12
7838.93,7838.93,0.00012757,0.0000001,1.0000124,3/28/18 12:00 AM,3/28/18 12:00 AM,,,,,,,1.52221E+12,1.52221E+12
7632.31,7632.31,0.00013102,0.0000001,0.99998536,3/29/18 2:00 AM,3/29/18 2:00 AM,,,,,,,1.52231E+12,1.52231E+12
7541.98,7541.98,0.00013259,0.0000001,0.99999123,3/29/18 3:00 AM,3/29/18 3:00 AM,,,,,,,1.52231E+12,1.52231E+12
7538.99,7538.99,0.00013264,0.0000001,0.99997173,3/29/18 4:00 AM,3/29/18 4:00 AM,,,,,,,1.52231E+12,1.52231E+12
7517.01,7517.01,0.00013303,0.0000001,0.99998794,3/29/18 5:00 AM,3/29/18 5:00 AM,,,,,,,1.52232E+12,1.52232E+12
7473.89,7473.89,0.0001338,0.0000001,1.00000658,3/29/18 6:00 AM,3/29/18 6:00 AM,,,,,,,1.52232E+12,1.52232E+12
7500,7500,0.00013333,0.0000001,0.9999751,3/29/18 8:00 AM,3/29/18 8:00 AM,,,,,,,1.52233E+12,1.52233E+12
7470,7470,0.00013387,0.0000001,1.000009,3/29/18 9:00 AM,3/29/18 9:00 AM,,,,,,,1.52233E+12,1.52233E+12
7499,7499,0.00013335,0.0000001,0.99999175,3/29/18 12:00 PM,3/29/18 12:00 PM,,,,,,,1.52234E+12,1.52234E+12
7199.49,7199.49,0.0001389,0.0000001,1.00000926,3/29/18 6:00 PM,3/29/18 6:00 PM,,,,,,,1.52236E+12,1.52236E+12
7090.14,7090.14,0.00014104,0.0000001,0.99999345,3/29/18 7:00 PM,3/29/18 7:00 PM,,,,,,,1.52237E+12,1.52237E+12
6860,6860,0.00014577,0.0000001,0.9999823,3/29/18 10:00 PM,3/29/18 10:00 PM,,,,,,,1.52238E+12,1.52238E+12
6861.01,6861.01,0.00014575,0.0000001,0.99999231,3/29/18 11:00 PM,3/29/18 11:00 PM,,,,,,,1.52238E+12,1.52238E+12
6730,6730,0.00014859,0.0000001,1.0000108,3/30/18 12:00 AM,3/30/18 12:00 AM,,,,,,,1.52239E+12,1.52239E+12
7048.93,7048.93,0.00014187,0.0000001,1.0000318,3/30/18 2:00 AM,3/30/18 2:00 AM,,,,,,,1.52239E+12,1.52239E+12
6738.58,6738.58,0.0001484,0.0000001,1.00000537,3/30/18 2:00 PM,3/30/18 2:00 PM,,,,,,,1.52244E+12,1.52244E+12
6702.01,6702.01,0.00014921,0.0000001,1.00000701,4/1/18 4:00 AM,4/1/18 4:00 AM,,,,,,,1.52257E+12,1.52257E+12
6763.86,6763.86,0.00014784,0.0000001,0.99996916,4/1/18 5:00 AM,4/1/18 5:00 AM,,,,,,,1.52258E+12,1.52258E+12
6685.1,6685.1,0.00014959,0.0000001,1.00002421,4/1/18 7:00 AM,4/1/18 7:00 AM,,,,,,,1.52258E+12,1.52258E+12
6445,6445,0.00015516,0.0000001,1.0000063,4/1/18 11:00 AM,4/1/18 11:00 AM,,,,,,,1.5226E+12,1.5226E+12
6783.71,6783.71,0.00014741,0.0000001,0.99998679,4/1/18 12:00 PM,4/1/18 12:00 PM,,,,,,,1.5226E+12,1.5226E+12
7297,7297,0.00013704,0.0000001,0.99998098,4/4/18 12:00 AM,4/4/18 12:00 AM,,,,,,,1.52282E+12,1.52282E+12
7058,7058,0.00014168,0.0000001,0.99997754,4/4/18 7:00 AM,4/4/18 7:00 AM,,,,,,,1.52284E+12,1.52284E+12
7049,7049,0.00014186,0.0000001,0.99997124,4/4/18 8:00 AM,4/4/18 8:00 AM,,,,,,,1.52285E+12,1.52285E+12
7071,7071,0.00014142,0.0000001,0.99998092,4/4/18 9:00 AM,4/4/18 9:00 AM,,,,,,,1.52285E+12,1.52285E+12
6889.99,6889.99,0.00014514,0.0000001,1.00001325,4/4/18 12:00 PM,4/4/18 12:00 PM,,,,,,,1.52286E+12,1.52286E+12
6838.23,6838.23,0.00014624,0.0000001,1.00002286,4/4/18 1:00 PM,4/4/18 1:00 PM,,,,,,,1.52286E+12,1.52286E+12
6826.17,6826.17,0.0001465,0.0000001,1.00003401,4/4/18 4:00 PM,4/4/18 4:00 PM,,,,,,,1.52288E+12,1.52288E+12
6705.73,6705.73,0.00014913,0.0000001,1.00002561,4/4/18 8:00 PM,4/4/18 8:00 PM,,,,,,,1.52289E+12,1.52289E+12
6609.91,6609.91,0.00015129,0.0000001,1.00001338,4/4/18 9:00 PM,4/4/18 9:00 PM,,,,,,,1.52289E+12,1.52289E+12
6616.13,6616.13,0.00015115,0.0000001,1.00002815,4/4/18 10:00 PM,4/4/18 10:00 PM,,,,,,,1.5229E+12,1.5229E+12
6776.99,6776.99,0.00014756,0.0000001,1.00001274,4/4/18 11:00 PM,4/4/18 11:00 PM,,,,,,,1.5229E+12,1.5229E+12
6595.01,6595.01,0.00015163,0.0000001,1.00000147,4/6/18 4:00 AM,4/6/18 4:00 AM,,,,,,,1.52301E+12,1.52301E+12
6598.97,6598.97,0.00015154,0.0000001,1.00000801,4/6/18 8:00 AM,4/6/18 8:00 AM,,,,,,,1.52302E+12,1.52302E+12
6608,6608,0.00015133,0.0000001,0.99998874,4/6/18 9:00 AM,4/6/18 9:00 AM,,,,,,,1.52302E+12,1.52302E+12
6740,6740,0.00014837,0.0000001,1.0000139,4/9/18 8:00 AM,4/9/18 8:00 AM,,,,,,,1.52328E+12,1.52328E+12
6730.88,6730.88,0.00014857,0.0000001,1.00000694,4/9/18 9:00 AM,4/9/18 9:00 AM,,,,,,,1.52328E+12,1.52328E+12
6731.27,6731.27,0.00014856,0.0000001,0.99999757,4/9/18 10:00 AM,4/9/18 10:00 AM,,,,,,,1.52329E+12,1.52329E+12
6723.67,6723.67,0.00014873,0.0000001,1.00001154,4/9/18 5:00 PM,4/9/18 5:00 PM,,,,,,,1.52331E+12,1.52331E+12
6693,6693,0.00014941,0.0000001,1.00000123,4/9/18 6:00 PM,4/9/18 6:00 PM,,,,,,,1.52331E+12,1.52331E+12
6843,6843,0.00014613,0.0000001,0.99996769,4/12/18 4:00 AM,4/12/18 4:00 AM,,,,,,,1.52352E+12,1.52352E+12
6850.99,6850.99,0.00014596,0.0000001,0.9999706,4/12/18 5:00 AM,4/12/18 5:00 AM,,,,,,,1.52353E+12,1.52353E+12
8110,8110,0.0001233,0.0000001,0.9999631,4/16/18 3:00 AM,4/16/18 3:00 AM,,,,,,,1.52387E+12,1.52387E+12
7973.98,7973.98,0.00012541,0.0000001,1.00001693,4/16/18 10:00 AM,4/16/18 10:00 AM,,,,,,,1.52389E+12,1.52389E+12
7971.99,7971.99,0.00012544,0.0000001,1.00000653,4/16/18 11:00 AM,4/16/18 11:00 AM,,,,,,,1.52389E+12,1.52389E+12
7920.69,7920.69,0.00012625,0.0000001,0.99998721,4/17/18 4:00 PM,4/17/18 4:00 PM,,,,,,,1.524E+12,1.524E+12
7915.96,7915.96,0.00012633,0.0000001,1.00002333,4/17/18 5:00 PM,4/17/18 5:00 PM,,,,,,,1.524E+12,1.524E+12
7917.43,7917.43,0.0001263,0.0000001,0.99997151,4/17/18 6:00 PM,4/17/18 6:00 PM,,,,,,,1.52401E+12,1.52401E+12
8853.24,8853.24,0.00011295,0.0000001,0.99997356,4/22/18 9:00 PM,4/22/18 9:00 PM,,,,,,,1.52445E+12,1.52445E+12
9415.06,9415.06,0.00010621,0.0000001,0.99997362,4/25/18 2:00 AM,4/25/18 2:00 AM,,,,,,,1.52464E+12,1.52464E+12
9129.89,9129.89,0.00010953,0.0000001,0.99999695,4/25/18 8:00 AM,4/25/18 8:00 AM,,,,,,,1.52466E+12,1.52466E+12
8972.09,8972.09,0.00011146,0.0000001,1.00002925,4/25/18 11:00 AM,4/25/18 11:00 AM,,,,,,,1.52467E+12,1.52467E+12
8910,8910,0.00011223,0.0000001,0.9999694,4/25/18 12:00 PM,4/25/18 12:00 PM,,,,,,,1.52468E+12,1.52468E+12
8850.15,8850.15,0.00011299,0.0000001,0.99997855,4/25/18 10:00 PM,4/25/18 10:00 PM,,,,,,,1.52471E+12,1.52471E+12
8857.01,8857.01,0.0001129,0.0000001,0.99995653,4/26/18 7:00 AM,4/26/18 7:00 AM,,,,,,,1.52474E+12,1.52474E+12
8975.35,8975.35,0.00011142,0.0000001,1.0000336,4/27/18 5:00 PM,4/27/18 5:00 PM,,,,,,,1.52487E+12,1.52487E+12
9031,9031,0.00011073,0.0000001,1.00000273,4/27/18 6:00 PM,4/27/18 6:00 PM,,,,,,,1.52487E+12,1.52487E+12
8915.35,8915.35,0.00011217,0.0000001,1.00003491,4/27/18 7:00 PM,4/27/18 7:00 PM,,,,,,,1.52487E+12,1.52487E+12
9126.81,9126.81,0.00010957,0.0000001,1.00002467,4/27/18 9:00 PM,4/27/18 9:00 PM,,,,,,,1.52488E+12,1.52488E+12
9055.78,9055.78,0.00011043,0.0000001,1.00002989,4/27/18 10:00 PM,4/27/18 10:00 PM,,,,,,,1.52488E+12,1.52488E+12
9265,9265,0.00010793,0.0000001,0.99997155,4/29/18 7:00 AM,4/29/18 7:00 AM,,,,,,,1.525E+12,1.525E+12
9247.48,9247.48,0.00010814,0.0000001,1.00002259,4/29/18 8:00 AM,4/29/18 8:00 AM,,,,,,,1.52501E+12,1.52501E+12
9219.97,9219.97,0.00010846,0.0000001,0.99999805,4/30/18 5:00 AM,4/30/18 5:00 AM,,,,,,,1.52508E+12,1.52508E+12
9264.8,9264.8,0.00010794,0.0000001,1.00004261,4/30/18 6:00 AM,4/30/18 6:00 AM,,,,,,,1.52509E+12,1.52509E+12
9009.11,9009.11,0.000111,0.0000001,1.00001131,4/30/18 10:00 PM,4/30/18 10:00 PM,,,,,,,1.52514E+12,1.52514E+12
8938.01,8938.01,0.00011188,0.0000001,0.99998466,4/30/18 11:00 PM,4/30/18 11:00 PM,,,,,,,1.52515E+12,1.52515E+12
8915,8915,0.00011217,0.0000001,0.99999565,5/1/18 10:00 AM,5/1/18 10:00 AM,,,,,,,1.52519E+12,1.52519E+12
